{"WhiteLabel":false,"NavItems":[{"Text":"Setting Up SDKs","Link":"$h/__getting_started","SubItems":[{"Text":"Introduction","Link":"$h/__intro","SubItems":[{"Text":"Base URI","Link":"$h/__getting_started/__intro/Base%20URI","SubItems":[],"Label":null,"Skip":false,"IsExternal":false}],"Label":null,"Skip":true,"IsExternal":false},{"Text":"Environments","Link":"$h/__environments","SubItems":[],"Label":null,"Skip":true,"IsExternal":false}],"Label":null,"Skip":false,"IsExternal":false},{"Text":"Guided Walkthroughs","Link":"$h/Guided%20Walkthroughs","SubItems":[{"Text":"User Registration Walkthrough","Link":"page:guided-walkthroughs/sample-walkthrough","SubItems":[],"Label":null,"Skip":false,"IsExternal":false}],"Label":null,"Skip":false,"IsExternal":false},{"Text":"API Reference","Link":"$h/__api_reference","SubItems":[{"Text":"List of APIs","Link":"$h/__list_of_apis","SubItems":[],"Label":null,"Skip":false,"IsExternal":false},{"Text":"Company","Link":"$e/Company","SubItems":[{"Text":"Create Company With Business User","Link":"$e/Company/CreateCompanyWithBusinessUser","SubItems":[],"Label":"http-post","Skip":false,"IsExternal":false}],"Label":null,"Skip":false,"IsExternal":false},{"Text":"Double Opt In","Link":"$e/DoubleOptIn","SubItems":[{"Text":"Resend Registration Confirmation","Link":"$e/DoubleOptIn/ResendRegistrationConfirmation","SubItems":[],"Label":"http-post","Skip":false,"IsExternal":false},{"Text":"Confirm Registration","Link":"$e/DoubleOptIn/ConfirmRegistration","SubItems":[],"Label":"http-post","Skip":false,"IsExternal":false}],"Label":null,"Skip":false,"IsExternal":false},{"Text":"Public User","Link":"$e/PublicUser","SubItems":[{"Text":"Create User","Link":"$e/PublicUser/CreateUser","SubItems":[],"Label":"http-post","Skip":false,"IsExternal":false}],"Label":null,"Skip":false,"IsExternal":false},{"Text":"Validations","Link":"$e/Validations","SubItems":[{"Text":"Validate Username","Link":"$e/Validations/ValidateUsername","SubItems":[],"Label":"http-post","Skip":false,"IsExternal":false},{"Text":"Validate for Duplicate User","Link":"$e/Validations/ValidateForDuplicateUser","SubItems":[],"Label":"http-post","Skip":false,"IsExternal":false}],"Label":null,"Skip":false,"IsExternal":false}],"Label":null,"Skip":false,"IsExternal":false},{"Text":"Model Reference","Link":"$h/__model_reference","SubItems":[{"Text":"Structures","Link":"$h/__model_reference/Structures","SubItems":[{"Text":"Address for Duplicate Validation","Link":"$m/AddressForDuplicateValidation","SubItems":[],"Label":null,"Skip":false,"IsExternal":false},{"Text":"Confirm Registration Request","Link":"$m/ConfirmRegistrationRequest","SubItems":[],"Label":null,"Skip":false,"IsExternal":false},{"Text":"Create Address Request","Link":"$m/CreateAddressRequest","SubItems":[],"Label":null,"Skip":false,"IsExternal":false},{"Text":"Create Company Request","Link":"$m/CreateCompanyRequest","SubItems":[],"Label":null,"Skip":false,"IsExternal":false},{"Text":"Create Main Address Request","Link":"$m/CreateMainAddressRequest","SubItems":[],"Label":null,"Skip":false,"IsExternal":false},{"Text":"Create User Request","Link":"$m/CreateUserRequest","SubItems":[],"Label":null,"Skip":false,"IsExternal":false},{"Text":"Phone 2","Link":"$m/Phone2","SubItems":[],"Label":null,"Skip":false,"IsExternal":false},{"Text":"Registration Confirmation Response","Link":"$m/RegistrationConfirmationResponse","SubItems":[],"Label":null,"Skip":false,"IsExternal":false},{"Text":"Resend Registration Confirmation Request","Link":"$m/ResendRegistrationConfirmationRequest","SubItems":[],"Label":null,"Skip":false,"IsExternal":false},{"Text":"String Field Value","Link":"$m/StringFieldValue","SubItems":[],"Label":null,"Skip":false,"IsExternal":false},{"Text":"Validate for Duplicate User Request","Link":"$m/ValidateForDuplicateUserRequest","SubItems":[],"Label":null,"Skip":false,"IsExternal":false},{"Text":"Kiam Problem Details","Link":"$m/KiamProblemDetails","SubItems":[],"Label":null,"Skip":false,"IsExternal":false},{"Text":"Legacy Error Data","Link":"$m/Legacy.ErrorData","SubItems":[],"Label":null,"Skip":false,"IsExternal":false},{"Text":"Legacy Error Info","Link":"$m/Legacy.ErrorInfo","SubItems":[],"Label":null,"Skip":false,"IsExternal":false}],"Label":null,"Skip":false,"IsExternal":false},{"Text":"Exceptions","Link":"$h/__model_reference/Exceptions","SubItems":[{"Text":"Kiam Problem Details Error","Link":"$m/KiamProblemDetails_Error","SubItems":[],"Label":null,"Skip":false,"IsExternal":false}],"Label":null,"Skip":false,"IsExternal":false}],"Label":null,"Skip":false,"IsExternal":false}],"DataModel":{"showFullCode":false,"skipSslCertVerification":null,"environment":null,"auth":null,"call":{"additionalQueryParams":null,"additionalFieldParams":null,"args":{}}},"DataModelSchema":{"type":"object","additionalProperties":false,"properties":{"showFullCode":{"title":"Show Complete File","description":"Show complete file for code, with bootstrap and error handling included.","type":"boolean"}},"required":["showFullCode"]},"ModelSchemas":{"Root":{"AddressForDuplicateValidation":{"id":"AddressForDuplicateValidation","title":"AddressForDuplicateValidation","type":"object","additionalProperties":false,"properties":{"countryIsoAlpha2Code":{"type":"string"},"postalCode":{"type":"string"},"city":{"type":"string"},"street":{"type":"string"},"doorNumber":{"type":"string"},"houseNumber":{"type":"string"}}},"ConfirmRegistrationRequest":{"id":"ConfirmRegistrationRequest","title":"ConfirmRegistrationRequest","type":"object","additionalProperties":false,"properties":{"token":{"type":"string"},"applicationName":{"type":"string"}}},"CreateAddressRequest":{"id":"CreateAddressRequest","title":"CreateAddressRequest","type":"object","additionalProperties":false,"properties":{"addressType":{"type":"integer","format":"int32"},"countryIsoAlpha2Code":{"type":"string"},"postalCode":{"type":"string"},"city":{"type":"string"},"street":{"type":"string"},"street2":{"type":"string"},"doorNumber":{"type":"string"},"houseNumber":{"type":"string"},"postAddressCode":{"type":"string"}}},"CreateCompanyRequest":{"id":"CreateCompanyRequest","title":"CreateCompanyRequest","type":"object","additionalProperties":false,"properties":{"user":{"$ref":"ModelSchemas#/Root/CreateUserRequest"},"companyName":{"type":"string"},"emailAddress":{"type":"string"},"phone":{"$ref":"ModelSchemas#/Root/Phone2"},"mobile":{"$ref":"ModelSchemas#/Root/Phone2"},"mainAddress":{"$ref":"ModelSchemas#/Root/CreateMainAddressRequest"},"registrationSucceededCallbackUrl":{"type":"string"},"uid":{"type":"string"},"legalFormId":{"type":"integer","format":"int32"},"organizationNumber":{"type":"string"},"sapDebitor":{"type":"string"}}},"CreateMainAddressRequest":{"id":"CreateMainAddressRequest","title":"CreateMainAddressRequest","type":"object","additionalProperties":false,"properties":{"countryIsoAlpha2Code":{"type":"string"},"postalCode":{"type":"string"},"city":{"type":"string"},"street":{"type":"string"},"street2":{"type":"string"},"doorNumber":{"type":"string"},"houseNumber":{"type":"string"},"postAddressCode":{"type":"string"}}},"CreateUserRequest":{"id":"CreateUserRequest","title":"CreateUserRequest","type":"object","additionalProperties":false,"properties":{"password":{"type":"string"},"username":{"type":"string"},"salutation":{"type":"string"},"firstname":{"type":"string"},"lastname":{"type":"string"},"birthdate":{"type":"string","format":"date-time"},"titleBeforeName":{"type":"string"},"titleAfterName":{"type":"string"},"phone":{"$ref":"ModelSchemas#/Root/Phone2"},"mobile":{"$ref":"ModelSchemas#/Root/Phone2"},"addresses":{"description":"","type":"array","items":{"$ref":"ModelSchemas#/Root/CreateAddressRequest"}},"registrationSucceededCallbackUrl":{"type":"string"},"registrationOrigin":{"type":"string"},"marketingAgreement":{"type":"boolean"},"newsletter":{"type":"boolean"}}},"Phone2":{"id":"Phone2","title":"Phone2","type":"object","additionalProperties":false,"properties":{"countryCode":{"type":"string"},"areaCode":{"type":"string"},"number":{"type":"string"}}},"RegistrationConfirmationResponse":{"id":"RegistrationConfirmationResponse","title":"RegistrationConfirmationResponse","type":"object","additionalProperties":false,"properties":{"callbackUrl":{"type":"string"}}},"ResendRegistrationConfirmationRequest":{"id":"ResendRegistrationConfirmationRequest","title":"ResendRegistrationConfirmationRequest","type":"object","additionalProperties":false,"properties":{"username":{"type":"string"},"applicationName":{"type":"string"}}},"StringFieldValue":{"id":"StringFieldValue","title":"StringFieldValue","type":"object","additionalProperties":false,"properties":{"value":{"type":"string"}}},"ValidateForDuplicateUserRequest":{"id":"ValidateForDuplicateUserRequest","title":"ValidateForDuplicateUserRequest","type":"object","additionalProperties":false,"properties":{"firstname":{"type":"string"},"lastname":{"type":"string"},"ssoId":{"type":"integer","format":"int32"},"mainAddress":{"$ref":"ModelSchemas#/Root/AddressForDuplicateValidation"}}},"KiamProblemDetails":{"id":"KiamProblemDetails","title":"KiamProblemDetails","type":"object","additionalProperties":{"type":"object"},"properties":{"type":{"type":"string"},"title":{"type":"string"},"status":{"type":"integer","format":"int32"},"detail":{"type":"string"},"instance":{"type":"string"},"error":{"$ref":"ModelSchemas#/Root/Legacy.ErrorInfo"},"$$__additionalProperties":{"type":"object","additionalProperties":{"$ref":"ModelSchemas#/Root/KiamProblemDetails/additionalProperties"}}}},"Legacy.ErrorData":{"id":"Legacy.ErrorData","title":"Legacy.ErrorData","type":"object","additionalProperties":false,"properties":{"name":{"type":"string"},"value":{"type":"string"}}},"Legacy.ErrorInfo":{"id":"Legacy.ErrorInfo","title":"Legacy.ErrorInfo","type":"object","additionalProperties":false,"properties":{"code":{"type":"string"},"message":{"type":"string"},"target":{"type":"string"},"data":{"description":"","type":"array","items":{"$ref":"ModelSchemas#/Root/Legacy.ErrorData"}}}},"KiamProblemDetails_Error":{"id":"KiamProblemDetails_Error","title":"KiamProblemDetails_Error","type":"object","properties":{"type":{"type":"string"},"title":{"type":"string"},"status":{"type":"integer","format":"int32"},"detail":{"type":"string"},"instance":{"type":"string"},"error":{"$ref":"ModelSchemas#/Root/Legacy.ErrorInfo"}}}},"AuthRoot":{}},"PublishedPackage":{"Provider":null,"Name":null,"Version":null,"Link":null,"SourceLink":null,"InstallCommand":null,"InstallHeadingLink":null},"AuthHttpCallTemplate":null,"ApiAuthentication":null,"PartialTemplates":{},"KnownLinkPrefixes":["page"],"Version":"1.0.0","Title":"Getting Started with Kiam Public Service","Sections":[{"Title":"Setting Up SDKs","Nodes":[{"Title":"Introduction","Nodes":[{"Title":"Base URI","Nodes":[{"Text":"The API uses the following base URI:","Type":"paragraph"},{"Text":"https://kiamservice-public.prod.kiam.postag.azureabnprod.postag.intern","Language":"bash","Type":"codeblock"}],"PlaceholderId":null,"SuggestedLinkText":"Base URI","SuggestedLink":"$h/__getting_started/__intro/Base%20URI","SuggestedLinkLevel":3,"LinkLabel":null,"HideFromNavigation":false,"Type":"section"}],"PlaceholderId":"__intro","SuggestedLinkText":"Introduction","SuggestedLink":"$h/__intro","SuggestedLinkLevel":2,"LinkLabel":null,"HideFromNavigation":true,"Type":"section"},{"Title":"Environments","Nodes":[],"PlaceholderId":"__environments","SuggestedLinkText":"Environments","SuggestedLink":"$h/__environments","SuggestedLinkLevel":2,"LinkLabel":null,"HideFromNavigation":true,"Type":"section"}],"PlaceholderId":"__getting_started","SuggestedLinkText":"Setting Up SDKs","SuggestedLink":"$h/__getting_started","SuggestedLinkLevel":1,"LinkLabel":null,"HideFromNavigation":false,"Type":"section"},{"Title":"Guided Walkthroughs","Nodes":[{"Title":"Introduction","Nodes":[{"Text":"Sample Walkthrough Content\n\n","Type":"paragraph"}],"PlaceholderId":null,"SuggestedLinkText":"User Registration Walkthrough","SuggestedLink":"page:guided-walkthroughs/sample-walkthrough","SuggestedLinkLevel":2,"LinkLabel":null,"HideFromNavigation":false,"Type":"section"}],"PlaceholderId":null,"SuggestedLinkText":"Guided Walkthroughs","SuggestedLink":"$h/Guided%20Walkthroughs","SuggestedLinkLevel":1,"LinkLabel":null,"HideFromNavigation":false,"Type":"section"},{"Title":"API Reference","Nodes":[{"Title":"List of APIs","Nodes":[{"Text":"* [Company]($e/Company)\n* [Double Opt In]($e/DoubleOptIn)\n* [Public User]($e/PublicUser)\n* [Validations]($e/Validations)","Type":"paragraph"}],"PlaceholderId":null,"SuggestedLinkText":"List of APIs","SuggestedLink":"$h/__list_of_apis","SuggestedLinkLevel":2,"LinkLabel":null,"HideFromNavigation":false,"Type":"section"},{"Title":"Company","Nodes":[{"Title":"Create Company With Business User","Nodes":[{"Title":"Create Company With Business User","Name":"CreateCompanyWithBusinessUser","Description":"","ReturnType":"Void","ReturnTypeLink":null,"ResponseText":"","ReturnTypeExample":null,"AuthDescription":null,"RequiredAuths":[],"AuthModelSchema":null,"MethodSignature":{"Text":"POST /companies","Language":"http","Type":"codeblock"},"Parameters":[{"Name":"captchaToken","GenericName":"captchaToken","DataType":"String","Description":"This parameter is used to provide the captcha specific value for a token, solution or how else a parameter is called in a captcha solution.","Required":false,"LinkTo":"","Constant":false,"ParamType":"Header","DataTypeMarkdown":null,"ContainerName":null,"ContainerKind":null,"Discriminator":null,"ReadOnly":false,"WriteOnly":false,"ContainerTypes":null,"TypeCombinatorTypes":null,"Getter":null,"Setter":null,"Type":"paraminfo"},{"Name":"body","GenericName":"body","DataType":"Create Company Request","Description":"Data of the newly created company and related user.\r\n             User salutation can have values M or W, M means male and W means female, X means other.\r\n             Possible values for users' address type: 1 or 2. 1 means main address, 2 means secondary address.\r\n             If password is not defined or is null, created user will receive an e-mail and will have to set password using received link.","Required":false,"LinkTo":"$m/CreateCompanyRequest","Constant":false,"ParamType":"Body","DataTypeMarkdown":null,"ContainerName":null,"ContainerKind":null,"Discriminator":null,"ReadOnly":false,"WriteOnly":false,"ContainerTypes":null,"TypeCombinatorTypes":null,"Getter":null,"Setter":null,"Type":"paraminfo"}],"RequiredAuthScopes":{},"Errors":[{"Name":"","StatusCode":"400","Description":"Invalid request.\r\n            \r\n             Usual invalid request response format:\r\n             Error code is validation_error. Information about the error can be found in the details field.\r\n             Target describes which field is invalid, validation error code defines the more detailed validation error case.\r\n             There could be multiple errors per field. See example response.\r\n            \r\n             List of error codes in format [error code] - [optional description] - [fields which can have this validation error] for user fields and company fields:\r\n            \r\n             Company fields\r\n            \r\n             required - company_name\r\n             invalid - company_legal_form_id, company_email_address, company_phone_country_code, company_phone_area_code, company_phone_number, company_mobile_country_code, company_mobile_area_code, company_mobile_number, company_countryIsoAlpha2Code\r\n            \r\n             User fields\r\n             \r\n             required -  Required field. - username, first_name, last_name, registration_origin\r\n             username_not_available - Username is already taken. - username\r\n             too_short - The input value is too short. - username, first_name, last_name\r\n             too_long - The input value is too long. - username, first_name, last_name\r\n             no_titles_allowed - No titles allowed, E.g. BSc. - first_name, last_name\r\n             no_company_types_allowed - No company types allowed. E.g. GmbH. - first_name, last_name\r\n             person_too_young - Person with specified birthdate is too young. - birthdate\r\n             invalid - first_name, last_name, username, phone_country_code, phone_area_code, phone_number, mobile_country_code, mobile_area_code, mobile_number, user_addressX_countryIsoAlpha2Code (where X is the index of the address in the array, starting from 0, e.G. user_address0_countryIsoAlpha2Code)\r\n             new_password_invalid - the new password is invalid - password\r\n             captcha_error - Invalid Captcha token.","LinkTo":"","Type":"errorinfo"}],"StaticUsageExample":null,"UsageExample":{"EndpointGroupName":"Company","EndpointName":"CreateCompanyWithBusinessUser","Index":0,"CallModel":{"additionalQueryParams":null,"additionalFieldParams":null,"args":{}},"CallModelSchema":{"title":"Endpoint Arguments","type":"object","additionalProperties":false,"properties":{"args":{"id":"endpoint_7C26ABBCDB1F9","title":"endpoint_7C26ABBCDB1F9","type":"object","properties":{"captchaToken":{"description":"This parameter is used to provide the captcha specific value for a token, solution or how else a parameter is called in a captcha solution.","type":"string"},"body":{"$ref":"ModelSchemas#/Root/CreateCompanyRequest"}}}},"required":["args"]},"HttpCallTemplate":"{\"method\":\"POST\",\"url\":\"https://kiamservice-public.prod.kiam.postag.azureabnprod.postag.intern/companies{% capture inline_query_capture_876234 %}{% endcapture %}{% if inline_query_capture_876234.size > 0 %}?{% endif %}{{ inline_query_capture_876234 | remove_first:'&' }}\",\"headers\":{% capture header_capture_9023987234 %},\"Content-Type\":\"application/json\"{% if call[\"args\"][\"captchaToken\"] != nil %},\"captchaToken\":{{ call[\"args\"][\"captchaToken\"] | json: false }}{% endif %}{% endcapture %}{{ '{' }}{{ header_capture_9023987234 | remove_first:',' }}},\"body\":{{ '{' }}\"type\":\"json\",\"data\":{% if call[\"args\"][\"body\"] != nil %}{{ call[\"args\"][\"body\"] | json: false }}{% else %}null{% endif %}}}","Templates":{"HTTP_CURL_V1":"curl -X POST \\\n  --url 'https://kiamservice-public.prod.kiam.postag.azureabnprod.postag.intern/companies'  \\\n  -H 'Content-Type: application/json'{% if call[\"args\"][\"captchaToken\"] != nil %} \\\n  -H 'captchaToken: {{ call[\"args\"][\"captchaToken\"] | replace: \"'\", \"'\\\\''\" | replace: \"\\n\", \"\\\\\\\\n\" | replace: \"\\r\", \"\\\\\\\\r\" }}'{% endif %}{% if call[\"args\"][\"body\"] != nil %} \\\n  --data-raw '{{ call[\"args\"][\"body\"] | json: true | replace: \"'\", \"'\\\\''\" }}'{% endif %}"},"Globals":{},"Type":"compilablecodeblock"},"Response":[{"StatusCode":"200","Name":"response200","Description":"User was created successfully.","Headers":[],"Content":[],"Type":"responseinfo"},{"StatusCode":"400","Name":"response400","Description":"Invalid request.\r\n            \r\n             Usual invalid request response format:\r\n             Error code is validation_error. Information about the error can be found in the details field.\r\n             Target describes which field is invalid, validation error code defines the more detailed validation error case.\r\n             There could be multiple errors per field. See example response.\r\n            \r\n             List of error codes in format [error code] - [optional description] - [fields which can have this validation error] for user fields and company fields:\r\n            \r\n             Company fields\r\n            \r\n             required - company_name\r\n             invalid - company_legal_form_id, company_email_address, company_phone_country_code, company_phone_area_code, company_phone_number, company_mobile_country_code, company_mobile_area_code, company_mobile_number, company_countryIsoAlpha2Code\r\n            \r\n             User fields\r\n             \r\n             required -  Required field. - username, first_name, last_name, registration_origin\r\n             username_not_available - Username is already taken. - username\r\n             too_short - The input value is too short. - username, first_name, last_name\r\n             too_long - The input value is too long. - username, first_name, last_name\r\n             no_titles_allowed - No titles allowed, E.g. BSc. - first_name, last_name\r\n             no_company_types_allowed - No company types allowed. E.g. GmbH. - first_name, last_name\r\n             person_too_young - Person with specified birthdate is too young. - birthdate\r\n             invalid - first_name, last_name, username, phone_country_code, phone_area_code, phone_number, mobile_country_code, mobile_area_code, mobile_number, user_addressX_countryIsoAlpha2Code (where X is the index of the address in the array, starting from 0, e.G. user_address0_countryIsoAlpha2Code)\r\n             new_password_invalid - the new password is invalid - password\r\n             captcha_error - Invalid Captcha token.","Headers":[],"Content":[],"Type":"responseinfo"}],"ServerName":null,"Id":null,"IsDeprecated":false,"DeprecationDetail":null,"Type":"endpointreference"}],"PlaceholderId":null,"SuggestedLinkText":"Create Company With Business User","SuggestedLink":"$e/Company/CreateCompanyWithBusinessUser","SuggestedLinkLevel":3,"LinkLabel":"http-post","HideFromNavigation":false,"Type":"section"}],"PlaceholderId":null,"SuggestedLinkText":"Company","SuggestedLink":"$e/Company","SuggestedLinkLevel":2,"LinkLabel":null,"HideFromNavigation":false,"Type":"section"},{"Title":"Double Opt In","Nodes":[{"Title":"Resend Registration Confirmation","Nodes":[{"Title":"Resend Registration Confirmation","Name":"ResendRegistrationConfirmation","Description":"","ReturnType":"Void","ReturnTypeLink":null,"ResponseText":"","ReturnTypeExample":null,"AuthDescription":null,"RequiredAuths":[],"AuthModelSchema":null,"MethodSignature":{"Text":"POST /doubleOptIn/initiate","Language":"http","Type":"codeblock"},"Parameters":[{"Name":"body","GenericName":"body","DataType":"Resend Registration Confirmation Request","Description":"Request with username (email address) of the user.","Required":false,"LinkTo":"$m/ResendRegistrationConfirmationRequest","Constant":false,"ParamType":"Body","DataTypeMarkdown":null,"ContainerName":null,"ContainerKind":null,"Discriminator":null,"ReadOnly":false,"WriteOnly":false,"ContainerTypes":null,"TypeCombinatorTypes":null,"Getter":null,"Setter":null,"Type":"paraminfo"}],"RequiredAuthScopes":{},"Errors":[{"Name":"KiamProblemDetails_ErrorException","StatusCode":"404","Description":"User with username was not found.","LinkTo":"$m/KiamProblemDetails_Error","Type":"errorinfo"},{"Name":"KiamProblemDetails_ErrorException","StatusCode":"409","Description":"An error occurred","LinkTo":"$m/KiamProblemDetails_Error","Type":"errorinfo"}],"StaticUsageExample":null,"UsageExample":{"EndpointGroupName":"DoubleOptIn","EndpointName":"ResendRegistrationConfirmation","Index":1,"CallModel":{"additionalQueryParams":null,"additionalFieldParams":null,"args":{}},"CallModelSchema":{"title":"Endpoint Arguments","type":"object","additionalProperties":false,"properties":{"args":{"id":"endpoint_7C26ABBCDB1F9","title":"endpoint_7C26ABBCDB1F9","type":"object","properties":{"body":{"$ref":"ModelSchemas#/Root/ResendRegistrationConfirmationRequest"}}}},"required":["args"]},"HttpCallTemplate":"{\"method\":\"POST\",\"url\":\"https://kiamservice-public.prod.kiam.postag.azureabnprod.postag.intern/doubleOptIn/initiate{% capture inline_query_capture_876234 %}{% endcapture %}{% if inline_query_capture_876234.size > 0 %}?{% endif %}{{ inline_query_capture_876234 | remove_first:'&' }}\",\"headers\":{% capture header_capture_9023987234 %},\"Content-Type\":\"application/json\"{% endcapture %}{{ '{' }}{{ header_capture_9023987234 | remove_first:',' }}},\"body\":{{ '{' }}\"type\":\"json\",\"data\":{% if call[\"args\"][\"body\"] != nil %}{{ call[\"args\"][\"body\"] | json: false }}{% else %}null{% endif %}}}","Templates":{"HTTP_CURL_V1":"curl -X POST \\\n  --url 'https://kiamservice-public.prod.kiam.postag.azureabnprod.postag.intern/doubleOptIn/initiate'  \\\n  -H 'Content-Type: application/json'{% if call[\"args\"][\"body\"] != nil %} \\\n  --data-raw '{{ call[\"args\"][\"body\"] | json: true | replace: \"'\", \"'\\\\''\" }}'{% endif %}"},"Globals":{},"Type":"compilablecodeblock"},"Response":[{"StatusCode":"204","Name":"response204","Description":"Registration confirmation e-mail was sent.","Headers":[],"Content":[],"Type":"responseinfo"},{"StatusCode":"404","Name":"response404","Description":"User with username was not found.","Headers":[],"Content":[{"ContentType":"application/json","DataType":"Kiam Problem Details","LinkTo":"$m/KiamProblemDetails","Example":null,"Examples":null,"Type":"responsecontentinfo"}],"Type":"responseinfo"},{"StatusCode":"409","Name":"response409","Description":"An error occurred","Headers":[],"Content":[{"ContentType":"application/json","DataType":"Kiam Problem Details","LinkTo":"$m/KiamProblemDetails","Example":null,"Examples":null,"Type":"responsecontentinfo"}],"Type":"responseinfo"}],"ServerName":null,"Id":null,"IsDeprecated":false,"DeprecationDetail":null,"Type":"endpointreference"}],"PlaceholderId":null,"SuggestedLinkText":"Resend Registration Confirmation","SuggestedLink":"$e/DoubleOptIn/ResendRegistrationConfirmation","SuggestedLinkLevel":3,"LinkLabel":"http-post","HideFromNavigation":false,"Type":"section"},{"Title":"Confirm Registration","Nodes":[{"Title":"Confirm Registration","Name":"ConfirmRegistration","Description":"","ReturnType":"Registration Confirmation Response","ReturnTypeLink":"$m/RegistrationConfirmationResponse","ResponseText":"","ReturnTypeExample":null,"AuthDescription":null,"RequiredAuths":[],"AuthModelSchema":null,"MethodSignature":{"Text":"POST /doubleOptIn/confirm","Language":"http","Type":"codeblock"},"Parameters":[{"Name":"body","GenericName":"body","DataType":"Confirm Registration Request","Description":"-","Required":false,"LinkTo":"$m/ConfirmRegistrationRequest","Constant":false,"ParamType":"Body","DataTypeMarkdown":null,"ContainerName":null,"ContainerKind":null,"Discriminator":null,"ReadOnly":false,"WriteOnly":false,"ContainerTypes":null,"TypeCombinatorTypes":null,"Getter":null,"Setter":null,"Type":"paraminfo"}],"RequiredAuthScopes":{},"Errors":[],"StaticUsageExample":null,"UsageExample":{"EndpointGroupName":"DoubleOptIn","EndpointName":"ConfirmRegistration","Index":2,"CallModel":{"additionalQueryParams":null,"additionalFieldParams":null,"args":{}},"CallModelSchema":{"title":"Endpoint Arguments","type":"object","additionalProperties":false,"properties":{"args":{"id":"endpoint_7C26ABBCDB1F9","title":"endpoint_7C26ABBCDB1F9","type":"object","properties":{"body":{"$ref":"ModelSchemas#/Root/ConfirmRegistrationRequest"}}}},"required":["args"]},"HttpCallTemplate":"{\"method\":\"POST\",\"url\":\"https://kiamservice-public.prod.kiam.postag.azureabnprod.postag.intern/doubleOptIn/confirm{% capture inline_query_capture_876234 %}{% endcapture %}{% if inline_query_capture_876234.size > 0 %}?{% endif %}{{ inline_query_capture_876234 | remove_first:'&' }}\",\"headers\":{% capture header_capture_9023987234 %},\"Accept\":\"application/json\",\"Content-Type\":\"application/json\"{% endcapture %}{{ '{' }}{{ header_capture_9023987234 | remove_first:',' }}},\"body\":{{ '{' }}\"type\":\"json\",\"data\":{% if call[\"args\"][\"body\"] != nil %}{{ call[\"args\"][\"body\"] | json: false }}{% else %}null{% endif %}}}","Templates":{"HTTP_CURL_V1":"curl -X POST \\\n  --url 'https://kiamservice-public.prod.kiam.postag.azureabnprod.postag.intern/doubleOptIn/confirm'  \\\n  -H 'Accept: application/json' \\\n  -H 'Content-Type: application/json'{% if call[\"args\"][\"body\"] != nil %} \\\n  --data-raw '{{ call[\"args\"][\"body\"] | json: true | replace: \"'\", \"'\\\\''\" }}'{% endif %}"},"Globals":{},"Type":"compilablecodeblock"},"Response":[{"StatusCode":"202","Name":"response202","Description":"Registration confirmation token accepted. Response contains callback URL.","Headers":[],"Content":[{"ContentType":"application/json","DataType":"Registration Confirmation Response","LinkTo":"$m/RegistrationConfirmationResponse","Example":null,"Examples":null,"Type":"responsecontentinfo"}],"Type":"responseinfo"},{"StatusCode":"200","Name":"response200","Description":"Invalid, expired or already used registration confirmation token.","Headers":[],"Content":[{"ContentType":"application/json","DataType":"Kiam Problem Details","LinkTo":"$m/KiamProblemDetails","Example":null,"Examples":null,"Type":"responsecontentinfo"}],"Type":"responseinfo"}],"ServerName":null,"Id":null,"IsDeprecated":false,"DeprecationDetail":null,"Type":"endpointreference"}],"PlaceholderId":null,"SuggestedLinkText":"Confirm Registration","SuggestedLink":"$e/DoubleOptIn/ConfirmRegistration","SuggestedLinkLevel":3,"LinkLabel":"http-post","HideFromNavigation":false,"Type":"section"}],"PlaceholderId":null,"SuggestedLinkText":"Double Opt In","SuggestedLink":"$e/DoubleOptIn","SuggestedLinkLevel":2,"LinkLabel":null,"HideFromNavigation":false,"Type":"section"},{"Title":"Public User","Nodes":[{"Title":"Create User","Nodes":[{"Title":"Create User","Name":"CreateUser","Description":"","ReturnType":"Void","ReturnTypeLink":null,"ResponseText":"","ReturnTypeExample":null,"AuthDescription":null,"RequiredAuths":[],"AuthModelSchema":null,"MethodSignature":{"Text":"POST /users","Language":"http","Type":"codeblock"},"Parameters":[{"Name":"captchaToken","GenericName":"captchaToken","DataType":"String","Description":"-","Required":false,"LinkTo":"","Constant":false,"ParamType":"Header","DataTypeMarkdown":null,"ContainerName":null,"ContainerKind":null,"Discriminator":null,"ReadOnly":false,"WriteOnly":false,"ContainerTypes":null,"TypeCombinatorTypes":null,"Getter":null,"Setter":null,"Type":"paraminfo"},{"Name":"body","GenericName":"body","DataType":"Create User Request","Description":"-","Required":false,"LinkTo":"$m/CreateUserRequest","Constant":false,"ParamType":"Body","DataTypeMarkdown":null,"ContainerName":null,"ContainerKind":null,"Discriminator":null,"ReadOnly":false,"WriteOnly":false,"ContainerTypes":null,"TypeCombinatorTypes":null,"Getter":null,"Setter":null,"Type":"paraminfo"}],"RequiredAuthScopes":{},"Errors":[],"StaticUsageExample":null,"UsageExample":{"EndpointGroupName":"PublicUser","EndpointName":"CreateUser","Index":3,"CallModel":{"additionalQueryParams":null,"additionalFieldParams":null,"args":{}},"CallModelSchema":{"title":"Endpoint Arguments","type":"object","additionalProperties":false,"properties":{"args":{"id":"endpoint_7C26ABBCDB1F9","title":"endpoint_7C26ABBCDB1F9","type":"object","properties":{"captchaToken":{"type":"string"},"body":{"$ref":"ModelSchemas#/Root/CreateUserRequest"}}}},"required":["args"]},"HttpCallTemplate":"{\"method\":\"POST\",\"url\":\"https://kiamservice-public.prod.kiam.postag.azureabnprod.postag.intern/users{% capture inline_query_capture_876234 %}{% endcapture %}{% if inline_query_capture_876234.size > 0 %}?{% endif %}{{ inline_query_capture_876234 | remove_first:'&' }}\",\"headers\":{% capture header_capture_9023987234 %},\"Content-Type\":\"application/json\"{% if call[\"args\"][\"captchaToken\"] != nil %},\"captchaToken\":{{ call[\"args\"][\"captchaToken\"] | json: false }}{% endif %}{% endcapture %}{{ '{' }}{{ header_capture_9023987234 | remove_first:',' }}},\"body\":{{ '{' }}\"type\":\"json\",\"data\":{% if call[\"args\"][\"body\"] != nil %}{{ call[\"args\"][\"body\"] | json: false }}{% else %}null{% endif %}}}","Templates":{"HTTP_CURL_V1":"curl -X POST \\\n  --url 'https://kiamservice-public.prod.kiam.postag.azureabnprod.postag.intern/users'  \\\n  -H 'Content-Type: application/json'{% if call[\"args\"][\"captchaToken\"] != nil %} \\\n  -H 'captchaToken: {{ call[\"args\"][\"captchaToken\"] | replace: \"'\", \"'\\\\''\" | replace: \"\\n\", \"\\\\\\\\n\" | replace: \"\\r\", \"\\\\\\\\r\" }}'{% endif %}{% if call[\"args\"][\"body\"] != nil %} \\\n  --data-raw '{{ call[\"args\"][\"body\"] | json: true | replace: \"'\", \"'\\\\''\" }}'{% endif %}"},"Globals":{},"Type":"compilablecodeblock"},"Response":[{"StatusCode":"200","Name":"response200","Description":"Success","Headers":[],"Content":[],"Type":"responseinfo"}],"ServerName":null,"Id":null,"IsDeprecated":false,"DeprecationDetail":null,"Type":"endpointreference"}],"PlaceholderId":null,"SuggestedLinkText":"Create User","SuggestedLink":"$e/PublicUser/CreateUser","SuggestedLinkLevel":3,"LinkLabel":"http-post","HideFromNavigation":false,"Type":"section"}],"PlaceholderId":null,"SuggestedLinkText":"Public User","SuggestedLink":"$e/PublicUser","SuggestedLinkLevel":2,"LinkLabel":null,"HideFromNavigation":false,"Type":"section"},{"Title":"Validations","Nodes":[{"Title":"Validate Username","Nodes":[{"Title":"Validate Username","Name":"ValidateUsername","Description":"","ReturnType":"Void","ReturnTypeLink":null,"ResponseText":"","ReturnTypeExample":null,"AuthDescription":null,"RequiredAuths":[],"AuthModelSchema":null,"MethodSignature":{"Text":"POST /validations/validateUsername","Language":"http","Type":"codeblock"},"Parameters":[{"Name":"body","GenericName":"body","DataType":"String Field Value","Description":"-","Required":false,"LinkTo":"$m/StringFieldValue","Constant":false,"ParamType":"Body","DataTypeMarkdown":null,"ContainerName":null,"ContainerKind":null,"Discriminator":null,"ReadOnly":false,"WriteOnly":false,"ContainerTypes":null,"TypeCombinatorTypes":null,"Getter":null,"Setter":null,"Type":"paraminfo"}],"RequiredAuthScopes":{},"Errors":[{"Name":"KiamProblemDetails_ErrorException","StatusCode":"400","Description":"-","LinkTo":"$m/KiamProblemDetails_Error","Type":"errorinfo"}],"StaticUsageExample":null,"UsageExample":{"EndpointGroupName":"Validations","EndpointName":"ValidateUsername","Index":4,"CallModel":{"additionalQueryParams":null,"additionalFieldParams":null,"args":{}},"CallModelSchema":{"title":"Endpoint Arguments","type":"object","additionalProperties":false,"properties":{"args":{"id":"endpoint_7C26ABBCDB1F9","title":"endpoint_7C26ABBCDB1F9","type":"object","properties":{"body":{"$ref":"ModelSchemas#/Root/StringFieldValue"}}}},"required":["args"]},"HttpCallTemplate":"{\"method\":\"POST\",\"url\":\"https://kiamservice-public.prod.kiam.postag.azureabnprod.postag.intern/validations/validateUsername{% capture inline_query_capture_876234 %}{% endcapture %}{% if inline_query_capture_876234.size > 0 %}?{% endif %}{{ inline_query_capture_876234 | remove_first:'&' }}\",\"headers\":{% capture header_capture_9023987234 %},\"Content-Type\":\"application/json\"{% endcapture %}{{ '{' }}{{ header_capture_9023987234 | remove_first:',' }}},\"body\":{{ '{' }}\"type\":\"json\",\"data\":{% if call[\"args\"][\"body\"] != nil %}{{ call[\"args\"][\"body\"] | json: false }}{% else %}null{% endif %}}}","Templates":{"HTTP_CURL_V1":"curl -X POST \\\n  --url 'https://kiamservice-public.prod.kiam.postag.azureabnprod.postag.intern/validations/validateUsername'  \\\n  -H 'Content-Type: application/json'{% if call[\"args\"][\"body\"] != nil %} \\\n  --data-raw '{{ call[\"args\"][\"body\"] | json: true | replace: \"'\", \"'\\\\''\" }}'{% endif %}"},"Globals":{},"Type":"compilablecodeblock"},"Response":[{"StatusCode":"204","Name":"response204","Description":"Value is valid.","Headers":[],"Content":[],"Type":"responseinfo"},{"StatusCode":"200","Name":"response200","Description":"Value is invalid. Main error code is validation_error.\r\n            Detailed validation error codes can be found in the details field.\r\n            There could be multiple errors.\r\n            \r\n            List of error codes in format [error code] - [description]:\r\n            \r\n            required -  Required field.\r\n            invalid - Invalid format, username should be an email address.\r\n            too_short - The input value is too short.\r\n            too_long - The input value is too long.\r\n            username_not_available - Username is already taken.","Headers":[],"Content":[{"ContentType":"application/json","DataType":"Kiam Problem Details","LinkTo":"$m/KiamProblemDetails","Example":null,"Examples":null,"Type":"responsecontentinfo"}],"Type":"responseinfo"},{"StatusCode":"400","Name":"response400","Description":"","Headers":[],"Content":[{"ContentType":"application/json","DataType":"Kiam Problem Details","LinkTo":"$m/KiamProblemDetails","Example":null,"Examples":null,"Type":"responsecontentinfo"}],"Type":"responseinfo"}],"ServerName":null,"Id":null,"IsDeprecated":false,"DeprecationDetail":null,"Type":"endpointreference"}],"PlaceholderId":null,"SuggestedLinkText":"Validate Username","SuggestedLink":"$e/Validations/ValidateUsername","SuggestedLinkLevel":3,"LinkLabel":"http-post","HideFromNavigation":false,"Type":"section"},{"Title":"Validate for Duplicate User","Nodes":[{"Title":"Validate for Duplicate User","Name":"ValidateForDuplicateUser","Description":"","ReturnType":"Void","ReturnTypeLink":null,"ResponseText":"","ReturnTypeExample":null,"AuthDescription":null,"RequiredAuths":[],"AuthModelSchema":null,"MethodSignature":{"Text":"POST /validations/validateDuplicateUser","Language":"http","Type":"codeblock"},"Parameters":[{"Name":"body","GenericName":"body","DataType":"Validate for Duplicate User Request","Description":"-","Required":false,"LinkTo":"$m/ValidateForDuplicateUserRequest","Constant":false,"ParamType":"Body","DataTypeMarkdown":null,"ContainerName":null,"ContainerKind":null,"Discriminator":null,"ReadOnly":false,"WriteOnly":false,"ContainerTypes":null,"TypeCombinatorTypes":null,"Getter":null,"Setter":null,"Type":"paraminfo"}],"RequiredAuthScopes":{},"Errors":[{"Name":"KiamProblemDetails_ErrorException","StatusCode":"400","Description":"Validation error code is duplicate_user","LinkTo":"$m/KiamProblemDetails_Error","Type":"errorinfo"}],"StaticUsageExample":null,"UsageExample":{"EndpointGroupName":"Validations","EndpointName":"ValidateForDuplicateUser","Index":5,"CallModel":{"additionalQueryParams":null,"additionalFieldParams":null,"args":{}},"CallModelSchema":{"title":"Endpoint Arguments","type":"object","additionalProperties":false,"properties":{"args":{"id":"endpoint_7C26ABBCDB1F9","title":"endpoint_7C26ABBCDB1F9","type":"object","properties":{"body":{"$ref":"ModelSchemas#/Root/ValidateForDuplicateUserRequest"}}}},"required":["args"]},"HttpCallTemplate":"{\"method\":\"POST\",\"url\":\"https://kiamservice-public.prod.kiam.postag.azureabnprod.postag.intern/validations/validateDuplicateUser{% capture inline_query_capture_876234 %}{% endcapture %}{% if inline_query_capture_876234.size > 0 %}?{% endif %}{{ inline_query_capture_876234 | remove_first:'&' }}\",\"headers\":{% capture header_capture_9023987234 %},\"Content-Type\":\"application/json\"{% endcapture %}{{ '{' }}{{ header_capture_9023987234 | remove_first:',' }}},\"body\":{{ '{' }}\"type\":\"json\",\"data\":{% if call[\"args\"][\"body\"] != nil %}{{ call[\"args\"][\"body\"] | json: false }}{% else %}null{% endif %}}}","Templates":{"HTTP_CURL_V1":"curl -X POST \\\n  --url 'https://kiamservice-public.prod.kiam.postag.azureabnprod.postag.intern/validations/validateDuplicateUser'  \\\n  -H 'Content-Type: application/json'{% if call[\"args\"][\"body\"] != nil %} \\\n  --data-raw '{{ call[\"args\"][\"body\"] | json: true | replace: \"'\", \"'\\\\''\" }}'{% endif %}"},"Globals":{},"Type":"compilablecodeblock"},"Response":[{"StatusCode":"204","Name":"response204","Description":"Data is valid, it is not a duplicate user.","Headers":[],"Content":[],"Type":"responseinfo"},{"StatusCode":"200","Name":"response200","Description":"Data is invalid, a user with the same data already exists. Main error code is validation_error.\r\n            Validation error code is duplicate_user","Headers":[],"Content":[{"ContentType":"application/json","DataType":"Kiam Problem Details","LinkTo":"$m/KiamProblemDetails","Example":null,"Examples":null,"Type":"responsecontentinfo"}],"Type":"responseinfo"},{"StatusCode":"400","Name":"response400","Description":"Validation error code is duplicate_user","Headers":[],"Content":[{"ContentType":"application/json","DataType":"Kiam Problem Details","LinkTo":"$m/KiamProblemDetails","Example":null,"Examples":null,"Type":"responsecontentinfo"}],"Type":"responseinfo"}],"ServerName":null,"Id":null,"IsDeprecated":false,"DeprecationDetail":null,"Type":"endpointreference"}],"PlaceholderId":null,"SuggestedLinkText":"Validate for Duplicate User","SuggestedLink":"$e/Validations/ValidateForDuplicateUser","SuggestedLinkLevel":3,"LinkLabel":"http-post","HideFromNavigation":false,"Type":"section"}],"PlaceholderId":null,"SuggestedLinkText":"Validations","SuggestedLink":"$e/Validations","SuggestedLinkLevel":2,"LinkLabel":null,"HideFromNavigation":false,"Type":"section"}],"PlaceholderId":"__api_reference","SuggestedLinkText":"API Reference","SuggestedLink":"$h/__api_reference","SuggestedLinkLevel":1,"LinkLabel":null,"HideFromNavigation":false,"Type":"section"},{"Title":"Model Reference","Nodes":[{"Title":"Structures","Nodes":[{"Text":"* [Address for Duplicate Validation]($m/AddressForDuplicateValidation)\n* [Confirm Registration Request]($m/ConfirmRegistrationRequest)\n* [Create Address Request]($m/CreateAddressRequest)\n* [Create Company Request]($m/CreateCompanyRequest)\n* [Create Main Address Request]($m/CreateMainAddressRequest)\n* [Create User Request]($m/CreateUserRequest)\n* [Phone 2]($m/Phone2)\n* [Registration Confirmation Response]($m/RegistrationConfirmationResponse)\n* [Resend Registration Confirmation Request]($m/ResendRegistrationConfirmationRequest)\n* [String Field Value]($m/StringFieldValue)\n* [Validate for Duplicate User Request]($m/ValidateForDuplicateUserRequest)\n* [Kiam Problem Details]($m/KiamProblemDetails)\n* [Legacy Error Data]($m/Legacy.ErrorData)\n* [Legacy Error Info]($m/Legacy.ErrorInfo)","Type":"paragraph"},{"Title":"Address for Duplicate Validation","Nodes":[{"Fields":[{"Name":"countryIsoAlpha2Code","GenericName":"countryIsoAlpha2Code","DataType":"String","Description":"-","Required":false,"LinkTo":"","Constant":false,"ParamType":null,"DataTypeMarkdown":null,"ContainerName":null,"ContainerKind":null,"Discriminator":null,"ReadOnly":false,"WriteOnly":false,"ContainerTypes":null,"TypeCombinatorTypes":null,"Getter":null,"Setter":null,"Type":"paraminfo"},{"Name":"postalCode","GenericName":"postalCode","DataType":"String","Description":"-","Required":false,"LinkTo":"","Constant":false,"ParamType":null,"DataTypeMarkdown":null,"ContainerName":null,"ContainerKind":null,"Discriminator":null,"ReadOnly":false,"WriteOnly":false,"ContainerTypes":null,"TypeCombinatorTypes":null,"Getter":null,"Setter":null,"Type":"paraminfo"},{"Name":"city","GenericName":"city","DataType":"String","Description":"-","Required":false,"LinkTo":"","Constant":false,"ParamType":null,"DataTypeMarkdown":null,"ContainerName":null,"ContainerKind":null,"Discriminator":null,"ReadOnly":false,"WriteOnly":false,"ContainerTypes":null,"TypeCombinatorTypes":null,"Getter":null,"Setter":null,"Type":"paraminfo"},{"Name":"street","GenericName":"street","DataType":"String","Description":"-","Required":false,"LinkTo":"","Constant":false,"ParamType":null,"DataTypeMarkdown":null,"ContainerName":null,"ContainerKind":null,"Discriminator":null,"ReadOnly":false,"WriteOnly":false,"ContainerTypes":null,"TypeCombinatorTypes":null,"Getter":null,"Setter":null,"Type":"paraminfo"},{"Name":"doorNumber","GenericName":"doorNumber","DataType":"String","Description":"-","Required":false,"LinkTo":"","Constant":false,"ParamType":null,"DataTypeMarkdown":null,"ContainerName":null,"ContainerKind":null,"Discriminator":null,"ReadOnly":false,"WriteOnly":false,"ContainerTypes":null,"TypeCombinatorTypes":null,"Getter":null,"Setter":null,"Type":"paraminfo"},{"Name":"houseNumber","GenericName":"houseNumber","DataType":"String","Description":"-","Required":false,"LinkTo":"","Constant":false,"ParamType":null,"DataTypeMarkdown":null,"ContainerName":null,"ContainerKind":null,"Discriminator":null,"ReadOnly":false,"WriteOnly":false,"ContainerTypes":null,"TypeCombinatorTypes":null,"Getter":null,"Setter":null,"Type":"paraminfo"}],"HasGetters":false,"HasSetters":false,"Title":"Address for Duplicate Validation","Name":"AddressForDuplicateValidation","OriginalName":"AddressForDuplicateValidation","Description":null,"BaseClass":null,"BaseClassLink":null,"ChildClassesLink":null,"LinkTo":"$m/AddressForDuplicateValidation","StructureType":null,"ContainedTypesName":"Fields","Example":{"Text":"{\r\n  \"countryIsoAlpha2Code\": \"countryIsoAlpha2Code4\",\r\n  \"postalCode\": \"postalCode6\",\r\n  \"city\": \"city4\",\r\n  \"street\": \"street4\",\r\n  \"doorNumber\": \"doorNumber6\"\r\n}","Language":"json","Type":"codeblock"},"Id":null,"Type":"structurereference"}],"PlaceholderId":null,"SuggestedLinkText":"Address for Duplicate Validation","SuggestedLink":"$m/AddressForDuplicateValidation","SuggestedLinkLevel":3,"LinkLabel":null,"HideFromNavigation":false,"Type":"section"},{"Title":"Confirm Registration Request","Nodes":[{"Fields":[{"Name":"token","GenericName":"token","DataType":"String","Description":"-","Required":false,"LinkTo":"","Constant":false,"ParamType":null,"DataTypeMarkdown":null,"ContainerName":null,"ContainerKind":null,"Discriminator":null,"ReadOnly":false,"WriteOnly":false,"ContainerTypes":null,"TypeCombinatorTypes":null,"Getter":null,"Setter":null,"Type":"paraminfo"},{"Name":"applicationName","GenericName":"applicationName","DataType":"String","Description":"-","Required":false,"LinkTo":"","Constant":false,"ParamType":null,"DataTypeMarkdown":null,"ContainerName":null,"ContainerKind":null,"Discriminator":null,"ReadOnly":false,"WriteOnly":false,"ContainerTypes":null,"TypeCombinatorTypes":null,"Getter":null,"Setter":null,"Type":"paraminfo"}],"HasGetters":false,"HasSetters":false,"Title":"Confirm Registration Request","Name":"ConfirmRegistrationRequest","OriginalName":"ConfirmRegistrationRequest","Description":null,"BaseClass":null,"BaseClassLink":null,"ChildClassesLink":null,"LinkTo":"$m/ConfirmRegistrationRequest","StructureType":null,"ContainedTypesName":"Fields","Example":{"Text":"{\r\n  \"token\": \"token4\",\r\n  \"applicationName\": \"applicationName6\"\r\n}","Language":"json","Type":"codeblock"},"Id":null,"Type":"structurereference"}],"PlaceholderId":null,"SuggestedLinkText":"Confirm Registration Request","SuggestedLink":"$m/ConfirmRegistrationRequest","SuggestedLinkLevel":3,"LinkLabel":null,"HideFromNavigation":false,"Type":"section"},{"Title":"Create Address Request","Nodes":[{"Fields":[{"Name":"addressType","GenericName":"addressType","DataType":"Number","Description":"-","Required":false,"LinkTo":"","Constant":false,"ParamType":null,"DataTypeMarkdown":null,"ContainerName":null,"ContainerKind":null,"Discriminator":null,"ReadOnly":false,"WriteOnly":false,"ContainerTypes":null,"TypeCombinatorTypes":null,"Getter":null,"Setter":null,"Type":"paraminfo"},{"Name":"countryIsoAlpha2Code","GenericName":"countryIsoAlpha2Code","DataType":"String","Description":"-","Required":false,"LinkTo":"","Constant":false,"ParamType":null,"DataTypeMarkdown":null,"ContainerName":null,"ContainerKind":null,"Discriminator":null,"ReadOnly":false,"WriteOnly":false,"ContainerTypes":null,"TypeCombinatorTypes":null,"Getter":null,"Setter":null,"Type":"paraminfo"},{"Name":"postalCode","GenericName":"postalCode","DataType":"String","Description":"-","Required":false,"LinkTo":"","Constant":false,"ParamType":null,"DataTypeMarkdown":null,"ContainerName":null,"ContainerKind":null,"Discriminator":null,"ReadOnly":false,"WriteOnly":false,"ContainerTypes":null,"TypeCombinatorTypes":null,"Getter":null,"Setter":null,"Type":"paraminfo"},{"Name":"city","GenericName":"city","DataType":"String","Description":"-","Required":false,"LinkTo":"","Constant":false,"ParamType":null,"DataTypeMarkdown":null,"ContainerName":null,"ContainerKind":null,"Discriminator":null,"ReadOnly":false,"WriteOnly":false,"ContainerTypes":null,"TypeCombinatorTypes":null,"Getter":null,"Setter":null,"Type":"paraminfo"},{"Name":"street","GenericName":"street","DataType":"String","Description":"-","Required":false,"LinkTo":"","Constant":false,"ParamType":null,"DataTypeMarkdown":null,"ContainerName":null,"ContainerKind":null,"Discriminator":null,"ReadOnly":false,"WriteOnly":false,"ContainerTypes":null,"TypeCombinatorTypes":null,"Getter":null,"Setter":null,"Type":"paraminfo"},{"Name":"street2","GenericName":"street2","DataType":"String","Description":"-","Required":false,"LinkTo":"","Constant":false,"ParamType":null,"DataTypeMarkdown":null,"ContainerName":null,"ContainerKind":null,"Discriminator":null,"ReadOnly":false,"WriteOnly":false,"ContainerTypes":null,"TypeCombinatorTypes":null,"Getter":null,"Setter":null,"Type":"paraminfo"},{"Name":"doorNumber","GenericName":"doorNumber","DataType":"String","Description":"-","Required":false,"LinkTo":"","Constant":false,"ParamType":null,"DataTypeMarkdown":null,"ContainerName":null,"ContainerKind":null,"Discriminator":null,"ReadOnly":false,"WriteOnly":false,"ContainerTypes":null,"TypeCombinatorTypes":null,"Getter":null,"Setter":null,"Type":"paraminfo"},{"Name":"houseNumber","GenericName":"houseNumber","DataType":"String","Description":"-","Required":false,"LinkTo":"","Constant":false,"ParamType":null,"DataTypeMarkdown":null,"ContainerName":null,"ContainerKind":null,"Discriminator":null,"ReadOnly":false,"WriteOnly":false,"ContainerTypes":null,"TypeCombinatorTypes":null,"Getter":null,"Setter":null,"Type":"paraminfo"},{"Name":"postAddressCode","GenericName":"postAddressCode","DataType":"String","Description":"-","Required":false,"LinkTo":"","Constant":false,"ParamType":null,"DataTypeMarkdown":null,"ContainerName":null,"ContainerKind":null,"Discriminator":null,"ReadOnly":false,"WriteOnly":false,"ContainerTypes":null,"TypeCombinatorTypes":null,"Getter":null,"Setter":null,"Type":"paraminfo"}],"HasGetters":false,"HasSetters":false,"Title":"Create Address Request","Name":"CreateAddressRequest","OriginalName":"CreateAddressRequest","Description":null,"BaseClass":null,"BaseClassLink":null,"ChildClassesLink":null,"LinkTo":"$m/CreateAddressRequest","StructureType":null,"ContainedTypesName":"Fields","Example":{"Text":"{\r\n  \"addressType\": 38,\r\n  \"countryIsoAlpha2Code\": \"countryIsoAlpha2Code4\",\r\n  \"postalCode\": \"postalCode2\",\r\n  \"city\": \"city6\",\r\n  \"street\": \"street6\"\r\n}","Language":"json","Type":"codeblock"},"Id":null,"Type":"structurereference"}],"PlaceholderId":null,"SuggestedLinkText":"Create Address Request","SuggestedLink":"$m/CreateAddressRequest","SuggestedLinkLevel":3,"LinkLabel":null,"HideFromNavigation":false,"Type":"section"},{"Title":"Create Company Request","Nodes":[{"Fields":[{"Name":"user","GenericName":"user","DataType":"Create User Request","Description":"-","Required":false,"LinkTo":"$m/CreateUserRequest","Constant":false,"ParamType":null,"DataTypeMarkdown":null,"ContainerName":null,"ContainerKind":null,"Discriminator":null,"ReadOnly":false,"WriteOnly":false,"ContainerTypes":null,"TypeCombinatorTypes":null,"Getter":null,"Setter":null,"Type":"paraminfo"},{"Name":"companyName","GenericName":"companyName","DataType":"String","Description":"-","Required":false,"LinkTo":"","Constant":false,"ParamType":null,"DataTypeMarkdown":null,"ContainerName":null,"ContainerKind":null,"Discriminator":null,"ReadOnly":false,"WriteOnly":false,"ContainerTypes":null,"TypeCombinatorTypes":null,"Getter":null,"Setter":null,"Type":"paraminfo"},{"Name":"emailAddress","GenericName":"emailAddress","DataType":"String","Description":"-","Required":false,"LinkTo":"","Constant":false,"ParamType":null,"DataTypeMarkdown":null,"ContainerName":null,"ContainerKind":null,"Discriminator":null,"ReadOnly":false,"WriteOnly":false,"ContainerTypes":null,"TypeCombinatorTypes":null,"Getter":null,"Setter":null,"Type":"paraminfo"},{"Name":"phone","GenericName":"phone","DataType":"Phone 2","Description":"-","Required":false,"LinkTo":"$m/Phone2","Constant":false,"ParamType":null,"DataTypeMarkdown":null,"ContainerName":null,"ContainerKind":null,"Discriminator":null,"ReadOnly":false,"WriteOnly":false,"ContainerTypes":null,"TypeCombinatorTypes":null,"Getter":null,"Setter":null,"Type":"paraminfo"},{"Name":"mobile","GenericName":"mobile","DataType":"Phone 2","Description":"-","Required":false,"LinkTo":"$m/Phone2","Constant":false,"ParamType":null,"DataTypeMarkdown":null,"ContainerName":null,"ContainerKind":null,"Discriminator":null,"ReadOnly":false,"WriteOnly":false,"ContainerTypes":null,"TypeCombinatorTypes":null,"Getter":null,"Setter":null,"Type":"paraminfo"},{"Name":"mainAddress","GenericName":"mainAddress","DataType":"Create Main Address Request","Description":"-","Required":false,"LinkTo":"$m/CreateMainAddressRequest","Constant":false,"ParamType":null,"DataTypeMarkdown":null,"ContainerName":null,"ContainerKind":null,"Discriminator":null,"ReadOnly":false,"WriteOnly":false,"ContainerTypes":null,"TypeCombinatorTypes":null,"Getter":null,"Setter":null,"Type":"paraminfo"},{"Name":"registrationSucceededCallbackUrl","GenericName":"registrationSucceededCallbackUrl","DataType":"String","Description":"-","Required":false,"LinkTo":"","Constant":false,"ParamType":null,"DataTypeMarkdown":null,"ContainerName":null,"ContainerKind":null,"Discriminator":null,"ReadOnly":false,"WriteOnly":false,"ContainerTypes":null,"TypeCombinatorTypes":null,"Getter":null,"Setter":null,"Type":"paraminfo"},{"Name":"uid","GenericName":"uid","DataType":"String","Description":"-","Required":false,"LinkTo":"","Constant":false,"ParamType":null,"DataTypeMarkdown":null,"ContainerName":null,"ContainerKind":null,"Discriminator":null,"ReadOnly":false,"WriteOnly":false,"ContainerTypes":null,"TypeCombinatorTypes":null,"Getter":null,"Setter":null,"Type":"paraminfo"},{"Name":"legalFormId","GenericName":"legalFormId","DataType":"Number","Description":"-","Required":false,"LinkTo":"","Constant":false,"ParamType":null,"DataTypeMarkdown":null,"ContainerName":null,"ContainerKind":null,"Discriminator":null,"ReadOnly":false,"WriteOnly":false,"ContainerTypes":null,"TypeCombinatorTypes":null,"Getter":null,"Setter":null,"Type":"paraminfo"},{"Name":"organizationNumber","GenericName":"organizationNumber","DataType":"String","Description":"-","Required":false,"LinkTo":"","Constant":false,"ParamType":null,"DataTypeMarkdown":null,"ContainerName":null,"ContainerKind":null,"Discriminator":null,"ReadOnly":false,"WriteOnly":false,"ContainerTypes":null,"TypeCombinatorTypes":null,"Getter":null,"Setter":null,"Type":"paraminfo"},{"Name":"sapDebitor","GenericName":"sapDebitor","DataType":"String","Description":"-","Required":false,"LinkTo":"","Constant":false,"ParamType":null,"DataTypeMarkdown":null,"ContainerName":null,"ContainerKind":null,"Discriminator":null,"ReadOnly":false,"WriteOnly":false,"ContainerTypes":null,"TypeCombinatorTypes":null,"Getter":null,"Setter":null,"Type":"paraminfo"}],"HasGetters":false,"HasSetters":false,"Title":"Create Company Request","Name":"CreateCompanyRequest","OriginalName":"CreateCompanyRequest","Description":null,"BaseClass":null,"BaseClassLink":null,"ChildClassesLink":null,"LinkTo":"$m/CreateCompanyRequest","StructureType":null,"ContainedTypesName":"Fields","Example":{"Text":"{\r\n  \"user\": {\r\n    \"password\": \"password4\",\r\n    \"username\": \"username0\",\r\n    \"salutation\": \"salutation4\",\r\n    \"firstname\": \"firstname8\",\r\n    \"lastname\": \"lastname6\"\r\n  },\r\n  \"companyName\": \"companyName6\",\r\n  \"emailAddress\": \"emailAddress4\",\r\n  \"phone\": {\r\n    \"countryCode\": \"countryCode4\",\r\n    \"areaCode\": \"areaCode2\",\r\n    \"number\": \"number8\"\r\n  },\r\n  \"mobile\": {\r\n    \"countryCode\": \"countryCode0\",\r\n    \"areaCode\": \"areaCode6\",\r\n    \"number\": \"number8\"\r\n  }\r\n}","Language":"json","Type":"codeblock"},"Id":null,"Type":"structurereference"}],"PlaceholderId":null,"SuggestedLinkText":"Create Company Request","SuggestedLink":"$m/CreateCompanyRequest","SuggestedLinkLevel":3,"LinkLabel":null,"HideFromNavigation":false,"Type":"section"},{"Title":"Create Main Address Request","Nodes":[{"Fields":[{"Name":"countryIsoAlpha2Code","GenericName":"countryIsoAlpha2Code","DataType":"String","Description":"-","Required":false,"LinkTo":"","Constant":false,"ParamType":null,"DataTypeMarkdown":null,"ContainerName":null,"ContainerKind":null,"Discriminator":null,"ReadOnly":false,"WriteOnly":false,"ContainerTypes":null,"TypeCombinatorTypes":null,"Getter":null,"Setter":null,"Type":"paraminfo"},{"Name":"postalCode","GenericName":"postalCode","DataType":"String","Description":"-","Required":false,"LinkTo":"","Constant":false,"ParamType":null,"DataTypeMarkdown":null,"ContainerName":null,"ContainerKind":null,"Discriminator":null,"ReadOnly":false,"WriteOnly":false,"ContainerTypes":null,"TypeCombinatorTypes":null,"Getter":null,"Setter":null,"Type":"paraminfo"},{"Name":"city","GenericName":"city","DataType":"String","Description":"-","Required":false,"LinkTo":"","Constant":false,"ParamType":null,"DataTypeMarkdown":null,"ContainerName":null,"ContainerKind":null,"Discriminator":null,"ReadOnly":false,"WriteOnly":false,"ContainerTypes":null,"TypeCombinatorTypes":null,"Getter":null,"Setter":null,"Type":"paraminfo"},{"Name":"street","GenericName":"street","DataType":"String","Description":"-","Required":false,"LinkTo":"","Constant":false,"ParamType":null,"DataTypeMarkdown":null,"ContainerName":null,"ContainerKind":null,"Discriminator":null,"ReadOnly":false,"WriteOnly":false,"ContainerTypes":null,"TypeCombinatorTypes":null,"Getter":null,"Setter":null,"Type":"paraminfo"},{"Name":"street2","GenericName":"street2","DataType":"String","Description":"-","Required":false,"LinkTo":"","Constant":false,"ParamType":null,"DataTypeMarkdown":null,"ContainerName":null,"ContainerKind":null,"Discriminator":null,"ReadOnly":false,"WriteOnly":false,"ContainerTypes":null,"TypeCombinatorTypes":null,"Getter":null,"Setter":null,"Type":"paraminfo"},{"Name":"doorNumber","GenericName":"doorNumber","DataType":"String","Description":"-","Required":false,"LinkTo":"","Constant":false,"ParamType":null,"DataTypeMarkdown":null,"ContainerName":null,"ContainerKind":null,"Discriminator":null,"ReadOnly":false,"WriteOnly":false,"ContainerTypes":null,"TypeCombinatorTypes":null,"Getter":null,"Setter":null,"Type":"paraminfo"},{"Name":"houseNumber","GenericName":"houseNumber","DataType":"String","Description":"-","Required":false,"LinkTo":"","Constant":false,"ParamType":null,"DataTypeMarkdown":null,"ContainerName":null,"ContainerKind":null,"Discriminator":null,"ReadOnly":false,"WriteOnly":false,"ContainerTypes":null,"TypeCombinatorTypes":null,"Getter":null,"Setter":null,"Type":"paraminfo"},{"Name":"postAddressCode","GenericName":"postAddressCode","DataType":"String","Description":"-","Required":false,"LinkTo":"","Constant":false,"ParamType":null,"DataTypeMarkdown":null,"ContainerName":null,"ContainerKind":null,"Discriminator":null,"ReadOnly":false,"WriteOnly":false,"ContainerTypes":null,"TypeCombinatorTypes":null,"Getter":null,"Setter":null,"Type":"paraminfo"}],"HasGetters":false,"HasSetters":false,"Title":"Create Main Address Request","Name":"CreateMainAddressRequest","OriginalName":"CreateMainAddressRequest","Description":null,"BaseClass":null,"BaseClassLink":null,"ChildClassesLink":null,"LinkTo":"$m/CreateMainAddressRequest","StructureType":null,"ContainedTypesName":"Fields","Example":{"Text":"{\r\n  \"countryIsoAlpha2Code\": \"countryIsoAlpha2Code8\",\r\n  \"postalCode\": \"postalCode6\",\r\n  \"city\": \"city8\",\r\n  \"street\": \"street2\",\r\n  \"street2\": \"street22\"\r\n}","Language":"json","Type":"codeblock"},"Id":null,"Type":"structurereference"}],"PlaceholderId":null,"SuggestedLinkText":"Create Main Address Request","SuggestedLink":"$m/CreateMainAddressRequest","SuggestedLinkLevel":3,"LinkLabel":null,"HideFromNavigation":false,"Type":"section"},{"Title":"Create User Request","Nodes":[{"Fields":[{"Name":"password","GenericName":"password","DataType":"String","Description":"-","Required":false,"LinkTo":"","Constant":false,"ParamType":null,"DataTypeMarkdown":null,"ContainerName":null,"ContainerKind":null,"Discriminator":null,"ReadOnly":false,"WriteOnly":false,"ContainerTypes":null,"TypeCombinatorTypes":null,"Getter":null,"Setter":null,"Type":"paraminfo"},{"Name":"username","GenericName":"username","DataType":"String","Description":"-","Required":false,"LinkTo":"","Constant":false,"ParamType":null,"DataTypeMarkdown":null,"ContainerName":null,"ContainerKind":null,"Discriminator":null,"ReadOnly":false,"WriteOnly":false,"ContainerTypes":null,"TypeCombinatorTypes":null,"Getter":null,"Setter":null,"Type":"paraminfo"},{"Name":"salutation","GenericName":"salutation","DataType":"String","Description":"-","Required":false,"LinkTo":"","Constant":false,"ParamType":null,"DataTypeMarkdown":null,"ContainerName":null,"ContainerKind":null,"Discriminator":null,"ReadOnly":false,"WriteOnly":false,"ContainerTypes":null,"TypeCombinatorTypes":null,"Getter":null,"Setter":null,"Type":"paraminfo"},{"Name":"firstname","GenericName":"firstname","DataType":"String","Description":"-","Required":false,"LinkTo":"","Constant":false,"ParamType":null,"DataTypeMarkdown":null,"ContainerName":null,"ContainerKind":null,"Discriminator":null,"ReadOnly":false,"WriteOnly":false,"ContainerTypes":null,"TypeCombinatorTypes":null,"Getter":null,"Setter":null,"Type":"paraminfo"},{"Name":"lastname","GenericName":"lastname","DataType":"String","Description":"-","Required":false,"LinkTo":"","Constant":false,"ParamType":null,"DataTypeMarkdown":null,"ContainerName":null,"ContainerKind":null,"Discriminator":null,"ReadOnly":false,"WriteOnly":false,"ContainerTypes":null,"TypeCombinatorTypes":null,"Getter":null,"Setter":null,"Type":"paraminfo"},{"Name":"birthdate","GenericName":"birthdate","DataType":"DateTime","Description":"-","Required":false,"LinkTo":"","Constant":false,"ParamType":null,"DataTypeMarkdown":null,"ContainerName":null,"ContainerKind":null,"Discriminator":null,"ReadOnly":false,"WriteOnly":false,"ContainerTypes":null,"TypeCombinatorTypes":null,"Getter":null,"Setter":null,"Type":"paraminfo"},{"Name":"titleBeforeName","GenericName":"titleBeforeName","DataType":"String","Description":"-","Required":false,"LinkTo":"","Constant":false,"ParamType":null,"DataTypeMarkdown":null,"ContainerName":null,"ContainerKind":null,"Discriminator":null,"ReadOnly":false,"WriteOnly":false,"ContainerTypes":null,"TypeCombinatorTypes":null,"Getter":null,"Setter":null,"Type":"paraminfo"},{"Name":"titleAfterName","GenericName":"titleAfterName","DataType":"String","Description":"-","Required":false,"LinkTo":"","Constant":false,"ParamType":null,"DataTypeMarkdown":null,"ContainerName":null,"ContainerKind":null,"Discriminator":null,"ReadOnly":false,"WriteOnly":false,"ContainerTypes":null,"TypeCombinatorTypes":null,"Getter":null,"Setter":null,"Type":"paraminfo"},{"Name":"phone","GenericName":"phone","DataType":"Phone 2","Description":"-","Required":false,"LinkTo":"$m/Phone2","Constant":false,"ParamType":null,"DataTypeMarkdown":null,"ContainerName":null,"ContainerKind":null,"Discriminator":null,"ReadOnly":false,"WriteOnly":false,"ContainerTypes":null,"TypeCombinatorTypes":null,"Getter":null,"Setter":null,"Type":"paraminfo"},{"Name":"mobile","GenericName":"mobile","DataType":"Phone 2","Description":"-","Required":false,"LinkTo":"$m/Phone2","Constant":false,"ParamType":null,"DataTypeMarkdown":null,"ContainerName":null,"ContainerKind":null,"Discriminator":null,"ReadOnly":false,"WriteOnly":false,"ContainerTypes":null,"TypeCombinatorTypes":null,"Getter":null,"Setter":null,"Type":"paraminfo"},{"Name":"addresses","GenericName":"addresses","DataType":"array<Create Address Request>","Description":"-","Required":false,"LinkTo":"$m/CreateAddressRequest","Constant":false,"ParamType":null,"DataTypeMarkdown":null,"ContainerName":null,"ContainerKind":null,"Discriminator":null,"ReadOnly":false,"WriteOnly":false,"ContainerTypes":null,"TypeCombinatorTypes":null,"Getter":null,"Setter":null,"Type":"paraminfo"},{"Name":"registrationSucceededCallbackUrl","GenericName":"registrationSucceededCallbackUrl","DataType":"String","Description":"-","Required":false,"LinkTo":"","Constant":false,"ParamType":null,"DataTypeMarkdown":null,"ContainerName":null,"ContainerKind":null,"Discriminator":null,"ReadOnly":false,"WriteOnly":false,"ContainerTypes":null,"TypeCombinatorTypes":null,"Getter":null,"Setter":null,"Type":"paraminfo"},{"Name":"registrationOrigin","GenericName":"registrationOrigin","DataType":"String","Description":"-","Required":false,"LinkTo":"","Constant":false,"ParamType":null,"DataTypeMarkdown":null,"ContainerName":null,"ContainerKind":null,"Discriminator":null,"ReadOnly":false,"WriteOnly":false,"ContainerTypes":null,"TypeCombinatorTypes":null,"Getter":null,"Setter":null,"Type":"paraminfo"},{"Name":"marketingAgreement","GenericName":"marketingAgreement","DataType":"Boolean","Description":"-","Required":false,"LinkTo":"","Constant":false,"ParamType":null,"DataTypeMarkdown":null,"ContainerName":null,"ContainerKind":null,"Discriminator":null,"ReadOnly":false,"WriteOnly":false,"ContainerTypes":null,"TypeCombinatorTypes":null,"Getter":null,"Setter":null,"Type":"paraminfo"},{"Name":"newsletter","GenericName":"newsletter","DataType":"Boolean","Description":"-","Required":false,"LinkTo":"","Constant":false,"ParamType":null,"DataTypeMarkdown":null,"ContainerName":null,"ContainerKind":null,"Discriminator":null,"ReadOnly":false,"WriteOnly":false,"ContainerTypes":null,"TypeCombinatorTypes":null,"Getter":null,"Setter":null,"Type":"paraminfo"}],"HasGetters":false,"HasSetters":false,"Title":"Create User Request","Name":"CreateUserRequest","OriginalName":"CreateUserRequest","Description":null,"BaseClass":null,"BaseClassLink":null,"ChildClassesLink":null,"LinkTo":"$m/CreateUserRequest","StructureType":null,"ContainedTypesName":"Fields","Example":{"Text":"{\r\n  \"password\": \"password2\",\r\n  \"username\": \"username2\",\r\n  \"salutation\": \"salutation2\",\r\n  \"firstname\": \"firstname6\",\r\n  \"lastname\": \"lastname8\"\r\n}","Language":"json","Type":"codeblock"},"Id":null,"Type":"structurereference"}],"PlaceholderId":null,"SuggestedLinkText":"Create User Request","SuggestedLink":"$m/CreateUserRequest","SuggestedLinkLevel":3,"LinkLabel":null,"HideFromNavigation":false,"Type":"section"},{"Title":"Phone 2","Nodes":[{"Fields":[{"Name":"countryCode","GenericName":"countryCode","DataType":"String","Description":"-","Required":false,"LinkTo":"","Constant":false,"ParamType":null,"DataTypeMarkdown":null,"ContainerName":null,"ContainerKind":null,"Discriminator":null,"ReadOnly":false,"WriteOnly":false,"ContainerTypes":null,"TypeCombinatorTypes":null,"Getter":null,"Setter":null,"Type":"paraminfo"},{"Name":"areaCode","GenericName":"areaCode","DataType":"String","Description":"-","Required":false,"LinkTo":"","Constant":false,"ParamType":null,"DataTypeMarkdown":null,"ContainerName":null,"ContainerKind":null,"Discriminator":null,"ReadOnly":false,"WriteOnly":false,"ContainerTypes":null,"TypeCombinatorTypes":null,"Getter":null,"Setter":null,"Type":"paraminfo"},{"Name":"number","GenericName":"number","DataType":"String","Description":"-","Required":false,"LinkTo":"","Constant":false,"ParamType":null,"DataTypeMarkdown":null,"ContainerName":null,"ContainerKind":null,"Discriminator":null,"ReadOnly":false,"WriteOnly":false,"ContainerTypes":null,"TypeCombinatorTypes":null,"Getter":null,"Setter":null,"Type":"paraminfo"}],"HasGetters":false,"HasSetters":false,"Title":"Phone 2","Name":"Phone2","OriginalName":"Phone2","Description":null,"BaseClass":null,"BaseClassLink":null,"ChildClassesLink":null,"LinkTo":"$m/Phone2","StructureType":null,"ContainedTypesName":"Fields","Example":{"Text":"{\r\n  \"countryCode\": \"countryCode0\",\r\n  \"areaCode\": \"areaCode6\",\r\n  \"number\": \"number8\"\r\n}","Language":"json","Type":"codeblock"},"Id":null,"Type":"structurereference"}],"PlaceholderId":null,"SuggestedLinkText":"Phone 2","SuggestedLink":"$m/Phone2","SuggestedLinkLevel":3,"LinkLabel":null,"HideFromNavigation":false,"Type":"section"},{"Title":"Registration Confirmation Response","Nodes":[{"Fields":[{"Name":"callbackUrl","GenericName":"callbackUrl","DataType":"String","Description":"-","Required":false,"LinkTo":"","Constant":false,"ParamType":null,"DataTypeMarkdown":null,"ContainerName":null,"ContainerKind":null,"Discriminator":null,"ReadOnly":false,"WriteOnly":false,"ContainerTypes":null,"TypeCombinatorTypes":null,"Getter":null,"Setter":null,"Type":"paraminfo"}],"HasGetters":false,"HasSetters":false,"Title":"Registration Confirmation Response","Name":"RegistrationConfirmationResponse","OriginalName":"RegistrationConfirmationResponse","Description":null,"BaseClass":null,"BaseClassLink":null,"ChildClassesLink":null,"LinkTo":"$m/RegistrationConfirmationResponse","StructureType":null,"ContainedTypesName":"Fields","Example":{"Text":"{\r\n  \"callbackUrl\": \"callbackUrl4\"\r\n}","Language":"json","Type":"codeblock"},"Id":null,"Type":"structurereference"}],"PlaceholderId":null,"SuggestedLinkText":"Registration Confirmation Response","SuggestedLink":"$m/RegistrationConfirmationResponse","SuggestedLinkLevel":3,"LinkLabel":null,"HideFromNavigation":false,"Type":"section"},{"Title":"Resend Registration Confirmation Request","Nodes":[{"Fields":[{"Name":"username","GenericName":"username","DataType":"String","Description":"-","Required":false,"LinkTo":"","Constant":false,"ParamType":null,"DataTypeMarkdown":null,"ContainerName":null,"ContainerKind":null,"Discriminator":null,"ReadOnly":false,"WriteOnly":false,"ContainerTypes":null,"TypeCombinatorTypes":null,"Getter":null,"Setter":null,"Type":"paraminfo"},{"Name":"applicationName","GenericName":"applicationName","DataType":"String","Description":"-","Required":false,"LinkTo":"","Constant":false,"ParamType":null,"DataTypeMarkdown":null,"ContainerName":null,"ContainerKind":null,"Discriminator":null,"ReadOnly":false,"WriteOnly":false,"ContainerTypes":null,"TypeCombinatorTypes":null,"Getter":null,"Setter":null,"Type":"paraminfo"}],"HasGetters":false,"HasSetters":false,"Title":"Resend Registration Confirmation Request","Name":"ResendRegistrationConfirmationRequest","OriginalName":"ResendRegistrationConfirmationRequest","Description":null,"BaseClass":null,"BaseClassLink":null,"ChildClassesLink":null,"LinkTo":"$m/ResendRegistrationConfirmationRequest","StructureType":null,"ContainedTypesName":"Fields","Example":{"Text":"{\r\n  \"username\": \"username0\",\r\n  \"applicationName\": \"applicationName8\"\r\n}","Language":"json","Type":"codeblock"},"Id":null,"Type":"structurereference"}],"PlaceholderId":null,"SuggestedLinkText":"Resend Registration Confirmation Request","SuggestedLink":"$m/ResendRegistrationConfirmationRequest","SuggestedLinkLevel":3,"LinkLabel":null,"HideFromNavigation":false,"Type":"section"},{"Title":"String Field Value","Nodes":[{"Fields":[{"Name":"value","GenericName":"value","DataType":"String","Description":"-","Required":false,"LinkTo":"","Constant":false,"ParamType":null,"DataTypeMarkdown":null,"ContainerName":null,"ContainerKind":null,"Discriminator":null,"ReadOnly":false,"WriteOnly":false,"ContainerTypes":null,"TypeCombinatorTypes":null,"Getter":null,"Setter":null,"Type":"paraminfo"}],"HasGetters":false,"HasSetters":false,"Title":"String Field Value","Name":"StringFieldValue","OriginalName":"StringFieldValue","Description":null,"BaseClass":null,"BaseClassLink":null,"ChildClassesLink":null,"LinkTo":"$m/StringFieldValue","StructureType":null,"ContainedTypesName":"Fields","Example":{"Text":"{\r\n  \"value\": \"value2\"\r\n}","Language":"json","Type":"codeblock"},"Id":null,"Type":"structurereference"}],"PlaceholderId":null,"SuggestedLinkText":"String Field Value","SuggestedLink":"$m/StringFieldValue","SuggestedLinkLevel":3,"LinkLabel":null,"HideFromNavigation":false,"Type":"section"},{"Title":"Validate for Duplicate User Request","Nodes":[{"Fields":[{"Name":"firstname","GenericName":"firstname","DataType":"String","Description":"-","Required":false,"LinkTo":"","Constant":false,"ParamType":null,"DataTypeMarkdown":null,"ContainerName":null,"ContainerKind":null,"Discriminator":null,"ReadOnly":false,"WriteOnly":false,"ContainerTypes":null,"TypeCombinatorTypes":null,"Getter":null,"Setter":null,"Type":"paraminfo"},{"Name":"lastname","GenericName":"lastname","DataType":"String","Description":"-","Required":false,"LinkTo":"","Constant":false,"ParamType":null,"DataTypeMarkdown":null,"ContainerName":null,"ContainerKind":null,"Discriminator":null,"ReadOnly":false,"WriteOnly":false,"ContainerTypes":null,"TypeCombinatorTypes":null,"Getter":null,"Setter":null,"Type":"paraminfo"},{"Name":"ssoId","GenericName":"ssoId","DataType":"Number","Description":"-","Required":false,"LinkTo":"","Constant":false,"ParamType":null,"DataTypeMarkdown":null,"ContainerName":null,"ContainerKind":null,"Discriminator":null,"ReadOnly":false,"WriteOnly":false,"ContainerTypes":null,"TypeCombinatorTypes":null,"Getter":null,"Setter":null,"Type":"paraminfo"},{"Name":"mainAddress","GenericName":"mainAddress","DataType":"Address for Duplicate Validation","Description":"-","Required":false,"LinkTo":"$m/AddressForDuplicateValidation","Constant":false,"ParamType":null,"DataTypeMarkdown":null,"ContainerName":null,"ContainerKind":null,"Discriminator":null,"ReadOnly":false,"WriteOnly":false,"ContainerTypes":null,"TypeCombinatorTypes":null,"Getter":null,"Setter":null,"Type":"paraminfo"}],"HasGetters":false,"HasSetters":false,"Title":"Validate for Duplicate User Request","Name":"ValidateForDuplicateUserRequest","OriginalName":"ValidateForDuplicateUserRequest","Description":null,"BaseClass":null,"BaseClassLink":null,"ChildClassesLink":null,"LinkTo":"$m/ValidateForDuplicateUserRequest","StructureType":null,"ContainedTypesName":"Fields","Example":{"Text":"{\r\n  \"firstname\": \"firstname0\",\r\n  \"lastname\": \"lastname6\",\r\n  \"ssoId\": 190,\r\n  \"mainAddress\": {\r\n    \"countryIsoAlpha2Code\": \"countryIsoAlpha2Code6\",\r\n    \"postalCode\": \"postalCode4\",\r\n    \"city\": \"city6\",\r\n    \"street\": \"street4\",\r\n    \"doorNumber\": \"doorNumber6\"\r\n  }\r\n}","Language":"json","Type":"codeblock"},"Id":null,"Type":"structurereference"}],"PlaceholderId":null,"SuggestedLinkText":"Validate for Duplicate User Request","SuggestedLink":"$m/ValidateForDuplicateUserRequest","SuggestedLinkLevel":3,"LinkLabel":null,"HideFromNavigation":false,"Type":"section"},{"Title":"Kiam Problem Details","Nodes":[{"Fields":[{"Name":"type","GenericName":"type","DataType":"String","Description":"-","Required":false,"LinkTo":"","Constant":false,"ParamType":null,"DataTypeMarkdown":null,"ContainerName":null,"ContainerKind":null,"Discriminator":null,"ReadOnly":false,"WriteOnly":false,"ContainerTypes":null,"TypeCombinatorTypes":null,"Getter":null,"Setter":null,"Type":"paraminfo"},{"Name":"title","GenericName":"title","DataType":"String","Description":"-","Required":false,"LinkTo":"","Constant":false,"ParamType":null,"DataTypeMarkdown":null,"ContainerName":null,"ContainerKind":null,"Discriminator":null,"ReadOnly":false,"WriteOnly":false,"ContainerTypes":null,"TypeCombinatorTypes":null,"Getter":null,"Setter":null,"Type":"paraminfo"},{"Name":"status","GenericName":"status","DataType":"Number","Description":"-","Required":false,"LinkTo":"","Constant":false,"ParamType":null,"DataTypeMarkdown":null,"ContainerName":null,"ContainerKind":null,"Discriminator":null,"ReadOnly":false,"WriteOnly":false,"ContainerTypes":null,"TypeCombinatorTypes":null,"Getter":null,"Setter":null,"Type":"paraminfo"},{"Name":"detail","GenericName":"detail","DataType":"String","Description":"-","Required":false,"LinkTo":"","Constant":false,"ParamType":null,"DataTypeMarkdown":null,"ContainerName":null,"ContainerKind":null,"Discriminator":null,"ReadOnly":false,"WriteOnly":false,"ContainerTypes":null,"TypeCombinatorTypes":null,"Getter":null,"Setter":null,"Type":"paraminfo"},{"Name":"instance","GenericName":"instance","DataType":"String","Description":"-","Required":false,"LinkTo":"","Constant":false,"ParamType":null,"DataTypeMarkdown":null,"ContainerName":null,"ContainerKind":null,"Discriminator":null,"ReadOnly":false,"WriteOnly":false,"ContainerTypes":null,"TypeCombinatorTypes":null,"Getter":null,"Setter":null,"Type":"paraminfo"},{"Name":"error","GenericName":"error","DataType":"Legacy Error Info","Description":"-","Required":false,"LinkTo":"$m/Legacy.ErrorInfo","Constant":false,"ParamType":null,"DataTypeMarkdown":null,"ContainerName":null,"ContainerKind":null,"Discriminator":null,"ReadOnly":false,"WriteOnly":false,"ContainerTypes":null,"TypeCombinatorTypes":null,"Getter":null,"Setter":null,"Type":"paraminfo"},{"Name":"additionalProperties","GenericName":"$$__additionalProperties","DataType":"Object","Description":"-","Required":false,"LinkTo":"","Constant":false,"ParamType":null,"DataTypeMarkdown":null,"ContainerName":null,"ContainerKind":null,"Discriminator":null,"ReadOnly":false,"WriteOnly":false,"ContainerTypes":null,"TypeCombinatorTypes":null,"Getter":null,"Setter":null,"Type":"paraminfo"}],"HasGetters":false,"HasSetters":false,"Title":"Kiam Problem Details","Name":"KiamProblemDetails","OriginalName":"KiamProblemDetails","Description":"*This model accepts additional fields of type Object.*","BaseClass":null,"BaseClassLink":null,"ChildClassesLink":null,"LinkTo":"$m/KiamProblemDetails","StructureType":null,"ContainedTypesName":"Fields","Example":{"Text":"{\r\n  \"type\": \"type8\",\r\n  \"title\": \"title2\",\r\n  \"status\": 200,\r\n  \"detail\": \"detail8\",\r\n  \"instance\": \"instance8\",\r\n  \"exampleAdditionalProperty\": {\r\n    \"key1\": \"val1\",\r\n    \"key2\": \"val2\"\r\n  }\r\n}","Language":"json","Type":"codeblock"},"Id":null,"Type":"structurereference"}],"PlaceholderId":null,"SuggestedLinkText":"Kiam Problem Details","SuggestedLink":"$m/KiamProblemDetails","SuggestedLinkLevel":3,"LinkLabel":null,"HideFromNavigation":false,"Type":"section"},{"Title":"Legacy Error Data","Nodes":[{"Fields":[{"Name":"name","GenericName":"name","DataType":"String","Description":"-","Required":false,"LinkTo":"","Constant":false,"ParamType":null,"DataTypeMarkdown":null,"ContainerName":null,"ContainerKind":null,"Discriminator":null,"ReadOnly":false,"WriteOnly":false,"ContainerTypes":null,"TypeCombinatorTypes":null,"Getter":null,"Setter":null,"Type":"paraminfo"},{"Name":"value","GenericName":"value","DataType":"String","Description":"-","Required":false,"LinkTo":"","Constant":false,"ParamType":null,"DataTypeMarkdown":null,"ContainerName":null,"ContainerKind":null,"Discriminator":null,"ReadOnly":false,"WriteOnly":false,"ContainerTypes":null,"TypeCombinatorTypes":null,"Getter":null,"Setter":null,"Type":"paraminfo"}],"HasGetters":false,"HasSetters":false,"Title":"Legacy Error Data","Name":"Legacy.ErrorData","OriginalName":"Legacy.ErrorData","Description":null,"BaseClass":null,"BaseClassLink":null,"ChildClassesLink":null,"LinkTo":"$m/Legacy.ErrorData","StructureType":null,"ContainedTypesName":"Fields","Example":{"Text":"{\r\n  \"name\": \"name2\",\r\n  \"value\": \"value4\"\r\n}","Language":"json","Type":"codeblock"},"Id":null,"Type":"structurereference"}],"PlaceholderId":null,"SuggestedLinkText":"Legacy Error Data","SuggestedLink":"$m/Legacy.ErrorData","SuggestedLinkLevel":3,"LinkLabel":null,"HideFromNavigation":false,"Type":"section"},{"Title":"Legacy Error Info","Nodes":[{"Fields":[{"Name":"code","GenericName":"code","DataType":"String","Description":"-","Required":false,"LinkTo":"","Constant":false,"ParamType":null,"DataTypeMarkdown":null,"ContainerName":null,"ContainerKind":null,"Discriminator":null,"ReadOnly":false,"WriteOnly":false,"ContainerTypes":null,"TypeCombinatorTypes":null,"Getter":null,"Setter":null,"Type":"paraminfo"},{"Name":"message","GenericName":"message","DataType":"String","Description":"-","Required":false,"LinkTo":"","Constant":false,"ParamType":null,"DataTypeMarkdown":null,"ContainerName":null,"ContainerKind":null,"Discriminator":null,"ReadOnly":false,"WriteOnly":false,"ContainerTypes":null,"TypeCombinatorTypes":null,"Getter":null,"Setter":null,"Type":"paraminfo"},{"Name":"target","GenericName":"target","DataType":"String","Description":"-","Required":false,"LinkTo":"","Constant":false,"ParamType":null,"DataTypeMarkdown":null,"ContainerName":null,"ContainerKind":null,"Discriminator":null,"ReadOnly":false,"WriteOnly":false,"ContainerTypes":null,"TypeCombinatorTypes":null,"Getter":null,"Setter":null,"Type":"paraminfo"},{"Name":"data","GenericName":"data","DataType":"array<Legacy Error Data>","Description":"-","Required":false,"LinkTo":"$m/Legacy.ErrorData","Constant":false,"ParamType":null,"DataTypeMarkdown":null,"ContainerName":null,"ContainerKind":null,"Discriminator":null,"ReadOnly":false,"WriteOnly":false,"ContainerTypes":null,"TypeCombinatorTypes":null,"Getter":null,"Setter":null,"Type":"paraminfo"}],"HasGetters":false,"HasSetters":false,"Title":"Legacy Error Info","Name":"Legacy.ErrorInfo","OriginalName":"Legacy.ErrorInfo","Description":null,"BaseClass":null,"BaseClassLink":null,"ChildClassesLink":null,"LinkTo":"$m/Legacy.ErrorInfo","StructureType":null,"ContainedTypesName":"Fields","Example":{"Text":"{\r\n  \"code\": \"code8\",\r\n  \"message\": \"message0\",\r\n  \"target\": \"target8\",\r\n  \"data\": [\r\n    {\r\n      \"name\": \"name0\",\r\n      \"value\": \"value2\"\r\n    }\r\n  ]\r\n}","Language":"json","Type":"codeblock"},"Id":null,"Type":"structurereference"}],"PlaceholderId":null,"SuggestedLinkText":"Legacy Error Info","SuggestedLink":"$m/Legacy.ErrorInfo","SuggestedLinkLevel":3,"LinkLabel":null,"HideFromNavigation":false,"Type":"section"}],"PlaceholderId":null,"SuggestedLinkText":"Structures","SuggestedLink":"$h/__model_reference/Structures","SuggestedLinkLevel":2,"LinkLabel":null,"HideFromNavigation":false,"Type":"section"},{"Title":"Exceptions","Nodes":[{"Text":"* [Kiam Problem Details Error]($m/KiamProblemDetails_Error)","Type":"paragraph"},{"Title":"Kiam Problem Details Error","Nodes":[{"Fields":[{"Name":"type","GenericName":"type","DataType":"String","Description":"-","Required":false,"LinkTo":"","Constant":false,"ParamType":null,"DataTypeMarkdown":null,"ContainerName":null,"ContainerKind":null,"Discriminator":null,"ReadOnly":false,"WriteOnly":false,"ContainerTypes":null,"TypeCombinatorTypes":null,"Getter":null,"Setter":null,"Type":"paraminfo"},{"Name":"title","GenericName":"title","DataType":"String","Description":"-","Required":false,"LinkTo":"","Constant":false,"ParamType":null,"DataTypeMarkdown":null,"ContainerName":null,"ContainerKind":null,"Discriminator":null,"ReadOnly":false,"WriteOnly":false,"ContainerTypes":null,"TypeCombinatorTypes":null,"Getter":null,"Setter":null,"Type":"paraminfo"},{"Name":"status","GenericName":"status","DataType":"Number","Description":"-","Required":false,"LinkTo":"","Constant":false,"ParamType":null,"DataTypeMarkdown":null,"ContainerName":null,"ContainerKind":null,"Discriminator":null,"ReadOnly":false,"WriteOnly":false,"ContainerTypes":null,"TypeCombinatorTypes":null,"Getter":null,"Setter":null,"Type":"paraminfo"},{"Name":"detail","GenericName":"detail","DataType":"String","Description":"-","Required":false,"LinkTo":"","Constant":false,"ParamType":null,"DataTypeMarkdown":null,"ContainerName":null,"ContainerKind":null,"Discriminator":null,"ReadOnly":false,"WriteOnly":false,"ContainerTypes":null,"TypeCombinatorTypes":null,"Getter":null,"Setter":null,"Type":"paraminfo"},{"Name":"instance","GenericName":"instance","DataType":"String","Description":"-","Required":false,"LinkTo":"","Constant":false,"ParamType":null,"DataTypeMarkdown":null,"ContainerName":null,"ContainerKind":null,"Discriminator":null,"ReadOnly":false,"WriteOnly":false,"ContainerTypes":null,"TypeCombinatorTypes":null,"Getter":null,"Setter":null,"Type":"paraminfo"},{"Name":"error","GenericName":"error","DataType":"Legacy Error Info","Description":"-","Required":false,"LinkTo":"$m/Legacy.ErrorInfo","Constant":false,"ParamType":null,"DataTypeMarkdown":null,"ContainerName":null,"ContainerKind":null,"Discriminator":null,"ReadOnly":false,"WriteOnly":false,"ContainerTypes":null,"TypeCombinatorTypes":null,"Getter":null,"Setter":null,"Type":"paraminfo"},{"Name":"additionalProperties","GenericName":"$$__additionalProperties","DataType":"Object","Description":"-","Required":false,"LinkTo":"","Constant":false,"ParamType":null,"DataTypeMarkdown":null,"ContainerName":null,"ContainerKind":null,"Discriminator":null,"ReadOnly":false,"WriteOnly":false,"ContainerTypes":null,"TypeCombinatorTypes":null,"Getter":null,"Setter":null,"Type":"paraminfo"}],"HasGetters":false,"HasSetters":false,"Title":"Kiam Problem Details Error","Name":"KiamProblemDetails_ErrorException","OriginalName":"KiamProblemDetails_Error","Description":"*This model accepts additional fields of type Object.*","BaseClass":null,"BaseClassLink":null,"ChildClassesLink":null,"LinkTo":"$m/KiamProblemDetails_Error","StructureType":null,"ContainedTypesName":"Fields","Example":{"Text":"{\r\n  \"type\": \"type6\",\r\n  \"title\": \"title0\",\r\n  \"status\": 26,\r\n  \"detail\": \"detail0\",\r\n  \"instance\": \"instance0\",\r\n  \"exampleAdditionalProperty\": {\r\n    \"key1\": \"val1\",\r\n    \"key2\": \"val2\"\r\n  }\r\n}","Language":"json","Type":"codeblock"},"Id":null,"Type":"structurereference"}],"PlaceholderId":null,"SuggestedLinkText":"Kiam Problem Details Error","SuggestedLink":"$m/KiamProblemDetails_Error","SuggestedLinkLevel":3,"LinkLabel":null,"HideFromNavigation":false,"Type":"section"}],"PlaceholderId":null,"SuggestedLinkText":"Exceptions","SuggestedLink":"$h/__model_reference/Exceptions","SuggestedLinkLevel":2,"LinkLabel":null,"HideFromNavigation":false,"Type":"section"}],"PlaceholderId":"__model_reference","SuggestedLinkText":"Model Reference","SuggestedLink":"$h/__model_reference","SuggestedLinkLevel":1,"LinkLabel":null,"HideFromNavigation":false,"Type":"section"}],"Type":"document"}