{
  "info": {
    "name": "Kiam Public Service",
    "_postman_id": "1f6e6c72-e7da-44d4-b3ca-6e786d89d812",
    "schema": "https://schema.getpostman.com/json/collection/v2.0.0/collection.json"
  },
  "item": [
    {
      "name": "Company",
      "description": "",
      "item": [
        {
          "id": "0eaba8ef-9cd8-4fe1-bdcf-22068acbb63a",
          "name": "CreateCompanyWithBusinessUser",
          "request": {
            "url": {
              "protocol": "https",
              "host": "kiamservice-public.prod.kiam.postag.azureabnprod.postag.intern",
              "path": [
                "companies"
              ]
            },
            "method": "POST",
            "header": [
              {
                "key": "Content-Type",
                "value": "application/json",
                "description": "",
                "disabled": false
              },
              {
                "key": "captchaToken",
                "value": "captchaToken39",
                "description": "This parameter is used to provide the captcha specific value for a token, solution or how else a parameter is called in a captcha solution.",
                "disabled": false
              },
              {
                "key": "Accept",
                "value": "*/*",
                "disabled": false
              }
            ],
            "body": {
              "mode": "raw",
              "raw": "{\r\n  \"user\": {\r\n    \"password\": \"password61\",\r\n    \"username\": \"username7\",\r\n    \"salutation\": \"salutation70\",\r\n    \"firstname\": \"firstname63\",\r\n    \"lastname\": \"lastname20\",\r\n    \"birthdate\": \"2025-04-26T10:39:00.9183305Z\",\r\n    \"titleBeforeName\": \"titleBeforeName12\",\r\n    \"titleAfterName\": \"titleAfterName29\",\r\n    \"phone\": {\r\n      \"countryCode\": \"countryCode83\",\r\n      \"areaCode\": \"areaCode13\",\r\n      \"number\": \"number11\"\r\n    },\r\n    \"mobile\": {\r\n      \"countryCode\": \"countryCode83\",\r\n      \"areaCode\": \"areaCode13\",\r\n      \"number\": \"number11\"\r\n    },\r\n    \"addresses\": [\r\n      {\r\n        \"addressType\": 188,\r\n        \"countryIsoAlpha2Code\": \"countryIsoAlpha2Code87\",\r\n        \"postalCode\": \"postalCode44\",\r\n        \"city\": \"city31\",\r\n        \"street\": \"street43\",\r\n        \"street2\": \"street233\",\r\n        \"doorNumber\": \"doorNumber31\",\r\n        \"houseNumber\": \"houseNumber79\",\r\n        \"postAddressCode\": \"postAddressCode86\"\r\n      }\r\n    ],\r\n    \"registrationSucceededCallbackUrl\": \"registrationSucceededCallbackUrl74\",\r\n    \"registrationOrigin\": \"registrationOrigin0\",\r\n    \"marketingAgreement\": false,\r\n    \"newsletter\": true\r\n  },\r\n  \"companyName\": \"companyName70\",\r\n  \"emailAddress\": \"emailAddress17\",\r\n  \"phone\": {\r\n    \"countryCode\": \"countryCode83\",\r\n    \"areaCode\": \"areaCode13\",\r\n    \"number\": \"number11\"\r\n  },\r\n  \"mobile\": {\r\n    \"countryCode\": \"countryCode83\",\r\n    \"areaCode\": \"areaCode13\",\r\n    \"number\": \"number11\"\r\n  },\r\n  \"mainAddress\": {\r\n    \"countryIsoAlpha2Code\": \"countryIsoAlpha2Code62\",\r\n    \"postalCode\": \"postalCode40\",\r\n    \"city\": \"city82\",\r\n    \"street\": \"street32\",\r\n    \"street2\": \"street267\",\r\n    \"doorNumber\": \"doorNumber3\",\r\n    \"houseNumber\": \"houseNumber72\",\r\n    \"postAddressCode\": \"postAddressCode70\"\r\n  },\r\n  \"registrationSucceededCallbackUrl\": \"registrationSucceededCallbackUrl22\",\r\n  \"uid\": \"uid67\",\r\n  \"legalFormId\": 103,\r\n  \"organizationNumber\": \"organizationNumber46\",\r\n  \"sapDebitor\": \"sapDebitor23\"\r\n}",
              "disabled": false
            },
            "description": ""
          },
          "response": [
            {
              "header": [],
              "status": "User was created successfully.",
              "code": 200,
              "name": "Response_200",
              "id": "2181ed36-284e-45f7-b9d7-9e4c1c2e657e"
            },
            {
              "header": [],
              "status": "Invalid request.\r\n            \r\n             Usual invalid request response format:\r\n             Error code is validation_error. Information about the error can be found in the details field.\r\n             Target describes which field is invalid, validation error code defines the more detailed validation error case.\r\n             There could be multiple errors per field. See example response.\r\n            \r\n             List of error codes in format [error code] - [optional description] - [fields which can have this validation error] for user fields and company fields:\r\n            \r\n             Company fields\r\n            \r\n             required - company_name\r\n             invalid - company_legal_form_id, company_email_address, company_phone_country_code, company_phone_area_code, company_phone_number, company_mobile_country_code, company_mobile_area_code, company_mobile_number, company_countryIsoAlpha2Code\r\n            \r\n             User fields\r\n             \r\n             required -  Required field. - username, first_name, last_name, registration_origin\r\n             username_not_available - Username is already taken. - username\r\n             too_short - The input value is too short. - username, first_name, last_name\r\n             too_long - The input value is too long. - username, first_name, last_name\r\n             no_titles_allowed - No titles allowed, E.g. BSc. - first_name, last_name\r\n             no_company_types_allowed - No company types allowed. E.g. GmbH. - first_name, last_name\r\n             person_too_young - Person with specified birthdate is too young. - birthdate\r\n             invalid - first_name, last_name, username, phone_country_code, phone_area_code, phone_number, mobile_country_code, mobile_area_code, mobile_number, user_addressX_countryIsoAlpha2Code (where X is the index of the address in the array, starting from 0, e.G. user_address0_countryIsoAlpha2Code)\r\n             new_password_invalid - the new password is invalid - password\r\n             captcha_error - Invalid Captcha token.",
              "code": 400,
              "name": "Response_400",
              "id": "aada85de-aeaa-4f42-b6bc-05bdde228db0"
            }
          ]
        }
      ]
    },
    {
      "name": "DoubleOptIn",
      "description": "",
      "item": [
        {
          "id": "4b992aa3-05b4-49e2-9987-091a86c10eea",
          "name": "ResendRegistrationConfirmation",
          "request": {
            "url": {
              "protocol": "https",
              "host": "kiamservice-public.prod.kiam.postag.azureabnprod.postag.intern",
              "path": [
                "doubleOptIn/initiate"
              ]
            },
            "method": "POST",
            "header": [
              {
                "key": "Content-Type",
                "value": "application/json",
                "description": "",
                "disabled": false
              },
              {
                "key": "Accept",
                "value": "application/json",
                "disabled": false
              }
            ],
            "body": {
              "mode": "raw",
              "raw": "{\r\n  \"username\": \"username14\",\r\n  \"applicationName\": \"applicationName58\"\r\n}",
              "disabled": false
            },
            "description": ""
          },
          "response": [
            {
              "header": [],
              "status": "Registration confirmation e-mail was sent.",
              "code": 204,
              "name": "Response_204",
              "id": "ecebaad5-3f3d-4f79-9915-4d2071daec8c"
            },
            {
              "header": [
                {
                  "key": "Content-Type",
                  "value": "application/json",
                  "disabled": false
                }
              ],
              "body": "{\r\n  \"type\": \"type82\",\r\n  \"title\": \"title12\",\r\n  \"status\": 164,\r\n  \"detail\": \"detail77\",\r\n  \"instance\": \"instance51\",\r\n  \"error\": {\r\n    \"code\": \"code33\",\r\n    \"message\": \"message65\",\r\n    \"target\": \"target59\",\r\n    \"data\": [\r\n      {\r\n        \"name\": \"name23\",\r\n        \"value\": \"value48\"\r\n      }\r\n    ]\r\n  }\r\n}",
              "status": "User with username was not found.",
              "code": 404,
              "name": "Response_404",
              "id": "68018b98-65b4-4c43-a079-5816e651ae1f"
            },
            {
              "header": [
                {
                  "key": "Content-Type",
                  "value": "application/json",
                  "disabled": false
                }
              ],
              "body": "{\r\n  \"type\": \"type82\",\r\n  \"title\": \"title12\",\r\n  \"status\": 164,\r\n  \"detail\": \"detail77\",\r\n  \"instance\": \"instance51\",\r\n  \"error\": {\r\n    \"code\": \"code33\",\r\n    \"message\": \"message65\",\r\n    \"target\": \"target59\",\r\n    \"data\": [\r\n      {\r\n        \"name\": \"name23\",\r\n        \"value\": \"value48\"\r\n      }\r\n    ]\r\n  }\r\n}",
              "status": "An error occurred",
              "code": 409,
              "name": "Response_409",
              "id": "b06cdf96-fc88-4083-b481-79d6cf983a69"
            }
          ]
        },
        {
          "id": "7e9c3cfb-6b84-4773-9cd9-09c165f6832b",
          "name": "ConfirmRegistration",
          "request": {
            "url": {
              "protocol": "https",
              "host": "kiamservice-public.prod.kiam.postag.azureabnprod.postag.intern",
              "path": [
                "doubleOptIn/confirm"
              ]
            },
            "method": "POST",
            "header": [
              {
                "key": "Content-Type",
                "value": "application/json",
                "description": "",
                "disabled": false
              },
              {
                "key": "Accept",
                "value": "application/json",
                "disabled": false
              }
            ],
            "body": {
              "mode": "raw",
              "raw": "{\r\n  \"token\": \"token14\",\r\n  \"applicationName\": \"applicationName25\"\r\n}",
              "disabled": false
            },
            "description": ""
          },
          "response": [
            {
              "header": [
                {
                  "key": "Content-Type",
                  "value": "application/json",
                  "disabled": false
                }
              ],
              "body": "{\r\n  \"callbackUrl\": \"callbackUrl95\"\r\n}",
              "status": "Registration confirmation token accepted. Response contains callback URL.",
              "code": 202,
              "name": "Response_202",
              "id": "343d8de8-5f4d-443d-9d01-b2704b301461"
            },
            {
              "header": [
                {
                  "key": "Content-Type",
                  "value": "application/json",
                  "disabled": false
                }
              ],
              "body": "{\r\n  \"type\": \"type82\",\r\n  \"title\": \"title12\",\r\n  \"status\": 164,\r\n  \"detail\": \"detail77\",\r\n  \"instance\": \"instance51\",\r\n  \"error\": {\r\n    \"code\": \"code33\",\r\n    \"message\": \"message65\",\r\n    \"target\": \"target59\",\r\n    \"data\": [\r\n      {\r\n        \"name\": \"name23\",\r\n        \"value\": \"value48\"\r\n      }\r\n    ]\r\n  }\r\n}",
              "status": "Invalid, expired or already used registration confirmation token.",
              "code": 200,
              "name": "Response_200",
              "id": "8f9c3d2f-087d-4abb-8705-5f62f8f5ecc2"
            }
          ]
        }
      ]
    },
    {
      "name": "PublicUser",
      "description": "",
      "item": [
        {
          "id": "8f2dbfe0-8114-4955-bf1e-48383863eafb",
          "name": "CreateUser",
          "request": {
            "url": {
              "protocol": "https",
              "host": "kiamservice-public.prod.kiam.postag.azureabnprod.postag.intern",
              "path": [
                "users"
              ]
            },
            "method": "POST",
            "header": [
              {
                "key": "Content-Type",
                "value": "application/json",
                "description": "",
                "disabled": false
              },
              {
                "key": "captchaToken",
                "value": "captchaToken61",
                "description": "",
                "disabled": false
              },
              {
                "key": "Accept",
                "value": "*/*",
                "disabled": false
              }
            ],
            "body": {
              "mode": "raw",
              "raw": "{\r\n  \"password\": \"password61\",\r\n  \"username\": \"username7\",\r\n  \"salutation\": \"salutation70\",\r\n  \"firstname\": \"firstname63\",\r\n  \"lastname\": \"lastname20\",\r\n  \"birthdate\": \"2025-04-26T10:39:00.9183305Z\",\r\n  \"titleBeforeName\": \"titleBeforeName12\",\r\n  \"titleAfterName\": \"titleAfterName29\",\r\n  \"phone\": {\r\n    \"countryCode\": \"countryCode83\",\r\n    \"areaCode\": \"areaCode13\",\r\n    \"number\": \"number11\"\r\n  },\r\n  \"mobile\": {\r\n    \"countryCode\": \"countryCode83\",\r\n    \"areaCode\": \"areaCode13\",\r\n    \"number\": \"number11\"\r\n  },\r\n  \"addresses\": [\r\n    {\r\n      \"addressType\": 188,\r\n      \"countryIsoAlpha2Code\": \"countryIsoAlpha2Code87\",\r\n      \"postalCode\": \"postalCode44\",\r\n      \"city\": \"city31\",\r\n      \"street\": \"street43\",\r\n      \"street2\": \"street233\",\r\n      \"doorNumber\": \"doorNumber31\",\r\n      \"houseNumber\": \"houseNumber79\",\r\n      \"postAddressCode\": \"postAddressCode86\"\r\n    }\r\n  ],\r\n  \"registrationSucceededCallbackUrl\": \"registrationSucceededCallbackUrl74\",\r\n  \"registrationOrigin\": \"registrationOrigin0\",\r\n  \"marketingAgreement\": false,\r\n  \"newsletter\": true\r\n}",
              "disabled": false
            },
            "description": ""
          },
          "response": [
            {
              "header": [],
              "status": "Success",
              "code": 200,
              "name": "Response_200",
              "id": "76db9bfb-fe77-4c0e-b8d1-62e3a57fcecc"
            }
          ]
        }
      ]
    },
    {
      "name": "Validations",
      "description": "",
      "item": [
        {
          "id": "5cef76d4-e460-4eaf-8273-67dac2e4ec58",
          "name": "ValidateUsername",
          "request": {
            "url": {
              "protocol": "https",
              "host": "kiamservice-public.prod.kiam.postag.azureabnprod.postag.intern",
              "path": [
                "validations/validateUsername"
              ]
            },
            "method": "POST",
            "header": [
              {
                "key": "Content-Type",
                "value": "application/json",
                "description": "",
                "disabled": false
              },
              {
                "key": "Accept",
                "value": "application/json",
                "disabled": false
              }
            ],
            "body": {
              "mode": "raw",
              "raw": "{\r\n  \"value\": \"value24\"\r\n}",
              "disabled": false
            },
            "description": ""
          },
          "response": [
            {
              "header": [],
              "status": "Value is valid.",
              "code": 204,
              "name": "Response_204",
              "id": "d331e5b9-2cea-48cf-94d0-eec1e2490809"
            },
            {
              "header": [
                {
                  "key": "Content-Type",
                  "value": "application/json",
                  "disabled": false
                }
              ],
              "body": "{\r\n  \"type\": \"type82\",\r\n  \"title\": \"title12\",\r\n  \"status\": 164,\r\n  \"detail\": \"detail77\",\r\n  \"instance\": \"instance51\",\r\n  \"error\": {\r\n    \"code\": \"code33\",\r\n    \"message\": \"message65\",\r\n    \"target\": \"target59\",\r\n    \"data\": [\r\n      {\r\n        \"name\": \"name23\",\r\n        \"value\": \"value48\"\r\n      }\r\n    ]\r\n  }\r\n}",
              "status": "Value is invalid. Main error code is validation_error.\r\n            Detailed validation error codes can be found in the details field.\r\n            There could be multiple errors.\r\n            \r\n            List of error codes in format [error code] - [description]:\r\n            \r\n            required -  Required field.\r\n            invalid - Invalid format, username should be an email address.\r\n            too_short - The input value is too short.\r\n            too_long - The input value is too long.\r\n            username_not_available - Username is already taken.",
              "code": 200,
              "name": "Response_200",
              "id": "d9126385-3076-4f2a-8c9e-4e1d8f68913d"
            },
            {
              "header": [
                {
                  "key": "Content-Type",
                  "value": "application/json",
                  "disabled": false
                }
              ],
              "body": "{\r\n  \"type\": \"type82\",\r\n  \"title\": \"title12\",\r\n  \"status\": 164,\r\n  \"detail\": \"detail77\",\r\n  \"instance\": \"instance51\",\r\n  \"error\": {\r\n    \"code\": \"code33\",\r\n    \"message\": \"message65\",\r\n    \"target\": \"target59\",\r\n    \"data\": [\r\n      {\r\n        \"name\": \"name23\",\r\n        \"value\": \"value48\"\r\n      }\r\n    ]\r\n  }\r\n}",
              "status": "",
              "code": 400,
              "name": "Response_400",
              "id": "5b739380-da8c-450e-8303-b12c1a0be3e9"
            }
          ]
        },
        {
          "id": "74453334-9397-4b32-8873-e02158e0a9ba",
          "name": "ValidateForDuplicateUser",
          "request": {
            "url": {
              "protocol": "https",
              "host": "kiamservice-public.prod.kiam.postag.azureabnprod.postag.intern",
              "path": [
                "validations/validateDuplicateUser"
              ]
            },
            "method": "POST",
            "header": [
              {
                "key": "Content-Type",
                "value": "application/json",
                "description": "",
                "disabled": false
              },
              {
                "key": "Accept",
                "value": "application/json",
                "disabled": false
              }
            ],
            "body": {
              "mode": "raw",
              "raw": "{\r\n  \"firstname\": \"firstname22\",\r\n  \"lastname\": \"lastname32\",\r\n  \"ssoId\": 47,\r\n  \"mainAddress\": {\r\n    \"countryIsoAlpha2Code\": \"countryIsoAlpha2Code63\",\r\n    \"postalCode\": \"postalCode92\",\r\n    \"city\": \"city61\",\r\n    \"street\": \"street63\",\r\n    \"doorNumber\": \"doorNumber22\",\r\n    \"houseNumber\": \"houseNumber77\"\r\n  }\r\n}",
              "disabled": false
            },
            "description": ""
          },
          "response": [
            {
              "header": [],
              "status": "Data is valid, it is not a duplicate user.",
              "code": 204,
              "name": "Response_204",
              "id": "e0e3d139-63d6-4b9b-84b8-6411ad9aeb8b"
            },
            {
              "header": [
                {
                  "key": "Content-Type",
                  "value": "application/json",
                  "disabled": false
                }
              ],
              "body": "{\r\n  \"type\": \"type82\",\r\n  \"title\": \"title12\",\r\n  \"status\": 164,\r\n  \"detail\": \"detail77\",\r\n  \"instance\": \"instance51\",\r\n  \"error\": {\r\n    \"code\": \"code33\",\r\n    \"message\": \"message65\",\r\n    \"target\": \"target59\",\r\n    \"data\": [\r\n      {\r\n        \"name\": \"name23\",\r\n        \"value\": \"value48\"\r\n      }\r\n    ]\r\n  }\r\n}",
              "status": "Data is invalid, a user with the same data already exists. Main error code is validation_error.\r\n            Validation error code is duplicate_user",
              "code": 200,
              "name": "Response_200",
              "id": "1833b937-5aa1-47ee-b2d5-1b83550aa903"
            },
            {
              "header": [
                {
                  "key": "Content-Type",
                  "value": "application/json",
                  "disabled": false
                }
              ],
              "body": "{\r\n  \"type\": \"type82\",\r\n  \"title\": \"title12\",\r\n  \"status\": 164,\r\n  \"detail\": \"detail77\",\r\n  \"instance\": \"instance51\",\r\n  \"error\": {\r\n    \"code\": \"code33\",\r\n    \"message\": \"message65\",\r\n    \"target\": \"target59\",\r\n    \"data\": [\r\n      {\r\n        \"name\": \"name23\",\r\n        \"value\": \"value48\"\r\n      }\r\n    ]\r\n  }\r\n}",
              "status": "Validation error code is duplicate_user",
              "code": 400,
              "name": "Response_400",
              "id": "f0a8ef9f-4345-4f67-8331-edf95d49adde"
            }
          ]
        }
      ]
    }
  ],
  "variable": [],
  "auth": {
    "type": "noauth"
  }
}