{
  "swaggerVersion": "1.2",
  "basePath": "https://kiamservice-public.prod.kiam.postag.azureabnprod.postag.intern",
  "resourcePath": "/",
  "apis": [
    {
      "path": "/companies",
      "operations": [
        {
          "method": "POST",
          "summary": "",
          "nickname": "CreateCompanyWithBusinessUser",
          "parameters": [
            {
              "name": "Content-Type",
              "description": "",
              "paramType": "header",
              "required": true,
              "allowMultiple": false,
              "defaultValue": "application/json",
              "uniqueItems": false,
              "type": "string"
            },
            {
              "name": "captchaToken",
              "description": "This parameter is used to provide the captcha specific value for a token, solution or how else a parameter is called in a captcha solution.",
              "paramType": "header",
              "required": false,
              "allowMultiple": false,
              "defaultValue": "",
              "uniqueItems": false,
              "type": "string"
            },
            {
              "name": "body",
              "description": "Data of the newly created company and related user.\r\n             User salutation can have values M or W, M means male and W means female, X means other.\r\n             Possible values for users' address type: 1 or 2. 1 means main address, 2 means secondary address.\r\n             If password is not defined or is null, created user will receive an e-mail and will have to set password using received link.",
              "paramType": "body",
              "required": false,
              "allowMultiple": false,
              "defaultValue": "",
              "uniqueItems": false,
              "type": "CreateCompanyRequest"
            }
          ],
          "produces": [
            "application/json"
          ],
          "consumes": [
            "application/json"
          ],
          "responseMessages": [
            {
              "code": 400,
              "message": "Invalid request.\r\n            \r\n             Usual invalid request response format:\r\n             Error code is validation_error. Information about the error can be found in the details field.\r\n             Target describes which field is invalid, validation error code defines the more detailed validation error case.\r\n             There could be multiple errors per field. See example response.\r\n            \r\n             List of error codes in format [error code] - [optional description] - [fields which can have this validation error] for user fields and company fields:\r\n            \r\n             Company fields\r\n            \r\n             required - company_name\r\n             invalid - company_legal_form_id, company_email_address, company_phone_country_code, company_phone_area_code, company_phone_number, company_mobile_country_code, company_mobile_area_code, company_mobile_number, company_countryIsoAlpha2Code\r\n            \r\n             User fields\r\n             \r\n             required -  Required field. - username, first_name, last_name, registration_origin\r\n             username_not_available - Username is already taken. - username\r\n             too_short - The input value is too short. - username, first_name, last_name\r\n             too_long - The input value is too long. - username, first_name, last_name\r\n             no_titles_allowed - No titles allowed, E.g. BSc. - first_name, last_name\r\n             no_company_types_allowed - No company types allowed. E.g. GmbH. - first_name, last_name\r\n             person_too_young - Person with specified birthdate is too young. - birthdate\r\n             invalid - first_name, last_name, username, phone_country_code, phone_area_code, phone_number, mobile_country_code, mobile_area_code, mobile_number, user_addressX_countryIsoAlpha2Code (where X is the index of the address in the array, starting from 0, e.G. user_address0_countryIsoAlpha2Code)\r\n             new_password_invalid - the new password is invalid - password\r\n             captcha_error - Invalid Captcha token."
            }
          ],
          "uniqueItems": false,
          "type": "void"
        }
      ]
    },
    {
      "path": "/doubleOptIn/initiate",
      "operations": [
        {
          "method": "POST",
          "summary": "",
          "nickname": "ResendRegistrationConfirmation",
          "parameters": [
            {
              "name": "Content-Type",
              "description": "",
              "paramType": "header",
              "required": true,
              "allowMultiple": false,
              "defaultValue": "application/json",
              "uniqueItems": false,
              "type": "string"
            },
            {
              "name": "body",
              "description": "Request with username (email address) of the user.",
              "paramType": "body",
              "required": false,
              "allowMultiple": false,
              "defaultValue": "",
              "uniqueItems": false,
              "type": "ResendRegistrationConfirmationRequest"
            }
          ],
          "produces": [
            "application/json"
          ],
          "consumes": [
            "application/json"
          ],
          "responseMessages": [
            {
              "code": 404,
              "responseModel": "KiamProblemDetails",
              "message": "User with username was not found."
            },
            {
              "code": 409,
              "responseModel": "KiamProblemDetails",
              "message": "An error occurred"
            }
          ],
          "uniqueItems": false,
          "type": "void"
        }
      ]
    },
    {
      "path": "/doubleOptIn/confirm",
      "operations": [
        {
          "method": "POST",
          "summary": "",
          "nickname": "ConfirmRegistration",
          "parameters": [
            {
              "name": "Content-Type",
              "description": "",
              "paramType": "header",
              "required": true,
              "allowMultiple": false,
              "defaultValue": "application/json",
              "uniqueItems": false,
              "type": "string"
            },
            {
              "name": "body",
              "description": "",
              "paramType": "body",
              "required": false,
              "allowMultiple": false,
              "defaultValue": "",
              "uniqueItems": false,
              "type": "ConfirmRegistrationRequest"
            }
          ],
          "produces": [
            "application/json"
          ],
          "consumes": [
            "application/json"
          ],
          "responseMessages": [],
          "uniqueItems": false,
          "$ref": "RegistrationConfirmationResponse"
        }
      ]
    },
    {
      "path": "/users",
      "operations": [
        {
          "method": "POST",
          "summary": "",
          "nickname": "CreateUser",
          "parameters": [
            {
              "name": "Content-Type",
              "description": "",
              "paramType": "header",
              "required": true,
              "allowMultiple": false,
              "defaultValue": "application/json",
              "uniqueItems": false,
              "type": "string"
            },
            {
              "name": "captchaToken",
              "description": "",
              "paramType": "header",
              "required": false,
              "allowMultiple": false,
              "defaultValue": "",
              "uniqueItems": false,
              "type": "string"
            },
            {
              "name": "body",
              "description": "",
              "paramType": "body",
              "required": false,
              "allowMultiple": false,
              "defaultValue": "",
              "uniqueItems": false,
              "type": "CreateUserRequest"
            }
          ],
          "produces": [
            "application/json"
          ],
          "consumes": [
            "application/json"
          ],
          "responseMessages": [],
          "uniqueItems": false,
          "type": "void"
        }
      ]
    },
    {
      "path": "/validations/validateUsername",
      "operations": [
        {
          "method": "POST",
          "summary": "",
          "nickname": "ValidateUsername",
          "parameters": [
            {
              "name": "Content-Type",
              "description": "",
              "paramType": "header",
              "required": true,
              "allowMultiple": false,
              "defaultValue": "application/json",
              "uniqueItems": false,
              "type": "string"
            },
            {
              "name": "body",
              "description": "",
              "paramType": "body",
              "required": false,
              "allowMultiple": false,
              "defaultValue": "",
              "uniqueItems": false,
              "type": "StringFieldValue"
            }
          ],
          "produces": [
            "application/json"
          ],
          "consumes": [
            "application/json"
          ],
          "responseMessages": [
            {
              "code": 400,
              "responseModel": "KiamProblemDetails",
              "message": ""
            }
          ],
          "uniqueItems": false,
          "type": "void"
        }
      ]
    },
    {
      "path": "/validations/validateDuplicateUser",
      "operations": [
        {
          "method": "POST",
          "summary": "",
          "nickname": "ValidateForDuplicateUser",
          "parameters": [
            {
              "name": "Content-Type",
              "description": "",
              "paramType": "header",
              "required": true,
              "allowMultiple": false,
              "defaultValue": "application/json",
              "uniqueItems": false,
              "type": "string"
            },
            {
              "name": "body",
              "description": "",
              "paramType": "body",
              "required": false,
              "allowMultiple": false,
              "defaultValue": "",
              "uniqueItems": false,
              "type": "ValidateForDuplicateUserRequest"
            }
          ],
          "produces": [
            "application/json"
          ],
          "consumes": [
            "application/json"
          ],
          "responseMessages": [
            {
              "code": 400,
              "responseModel": "KiamProblemDetails",
              "message": "Validation error code is duplicate_user"
            }
          ],
          "uniqueItems": false,
          "type": "void"
        }
      ]
    }
  ],
  "models": {
    "AddressForDuplicateValidation": {
      "id": "AddressForDuplicateValidation",
      "required": [],
      "properties": {
        "countryIsoAlpha2Code": {
          "description": "",
          "defaultValue": "",
          "uniqueItems": false,
          "type": "string"
        },
        "postalCode": {
          "description": "",
          "defaultValue": "",
          "uniqueItems": false,
          "type": "string"
        },
        "city": {
          "description": "",
          "defaultValue": "",
          "uniqueItems": false,
          "type": "string"
        },
        "street": {
          "description": "",
          "defaultValue": "",
          "uniqueItems": false,
          "type": "string"
        },
        "doorNumber": {
          "description": "",
          "defaultValue": "",
          "uniqueItems": false,
          "type": "string"
        },
        "houseNumber": {
          "description": "",
          "defaultValue": "",
          "uniqueItems": false,
          "type": "string"
        }
      }
    },
    "ConfirmRegistrationRequest": {
      "id": "ConfirmRegistrationRequest",
      "required": [],
      "properties": {
        "token": {
          "description": "",
          "defaultValue": "",
          "uniqueItems": false,
          "type": "string"
        },
        "applicationName": {
          "description": "",
          "defaultValue": "",
          "uniqueItems": false,
          "type": "string"
        }
      }
    },
    "CreateAddressRequest": {
      "id": "CreateAddressRequest",
      "required": [],
      "properties": {
        "addressType": {
          "description": "",
          "defaultValue": "",
          "minimum": "",
          "maximum": "",
          "uniqueItems": false,
          "type": "integer",
          "format": "int32"
        },
        "countryIsoAlpha2Code": {
          "description": "",
          "defaultValue": "",
          "uniqueItems": false,
          "type": "string"
        },
        "postalCode": {
          "description": "",
          "defaultValue": "",
          "uniqueItems": false,
          "type": "string"
        },
        "city": {
          "description": "",
          "defaultValue": "",
          "uniqueItems": false,
          "type": "string"
        },
        "street": {
          "description": "",
          "defaultValue": "",
          "uniqueItems": false,
          "type": "string"
        },
        "street2": {
          "description": "",
          "defaultValue": "",
          "uniqueItems": false,
          "type": "string"
        },
        "doorNumber": {
          "description": "",
          "defaultValue": "",
          "uniqueItems": false,
          "type": "string"
        },
        "houseNumber": {
          "description": "",
          "defaultValue": "",
          "uniqueItems": false,
          "type": "string"
        },
        "postAddressCode": {
          "description": "",
          "defaultValue": "",
          "uniqueItems": false,
          "type": "string"
        }
      }
    },
    "CreateCompanyRequest": {
      "id": "CreateCompanyRequest",
      "required": [],
      "properties": {
        "user": {
          "description": "",
          "defaultValue": "",
          "uniqueItems": false,
          "$ref": "CreateUserRequest"
        },
        "companyName": {
          "description": "",
          "defaultValue": "",
          "uniqueItems": false,
          "type": "string"
        },
        "emailAddress": {
          "description": "",
          "defaultValue": "",
          "uniqueItems": false,
          "type": "string"
        },
        "phone": {
          "description": "",
          "defaultValue": "",
          "uniqueItems": false,
          "$ref": "Phone2"
        },
        "mobile": {
          "description": "",
          "defaultValue": "",
          "uniqueItems": false,
          "$ref": "Phone2"
        },
        "mainAddress": {
          "description": "",
          "defaultValue": "",
          "uniqueItems": false,
          "$ref": "CreateMainAddressRequest"
        },
        "registrationSucceededCallbackUrl": {
          "description": "",
          "defaultValue": "",
          "uniqueItems": false,
          "type": "string"
        },
        "uid": {
          "description": "",
          "defaultValue": "",
          "uniqueItems": false,
          "type": "string"
        },
        "legalFormId": {
          "description": "",
          "defaultValue": "",
          "minimum": "",
          "maximum": "",
          "uniqueItems": false,
          "type": "integer",
          "format": "int32"
        },
        "organizationNumber": {
          "description": "",
          "defaultValue": "",
          "uniqueItems": false,
          "type": "string"
        },
        "sapDebitor": {
          "description": "",
          "defaultValue": "",
          "uniqueItems": false,
          "type": "string"
        }
      }
    },
    "CreateMainAddressRequest": {
      "id": "CreateMainAddressRequest",
      "required": [],
      "properties": {
        "countryIsoAlpha2Code": {
          "description": "",
          "defaultValue": "",
          "uniqueItems": false,
          "type": "string"
        },
        "postalCode": {
          "description": "",
          "defaultValue": "",
          "uniqueItems": false,
          "type": "string"
        },
        "city": {
          "description": "",
          "defaultValue": "",
          "uniqueItems": false,
          "type": "string"
        },
        "street": {
          "description": "",
          "defaultValue": "",
          "uniqueItems": false,
          "type": "string"
        },
        "street2": {
          "description": "",
          "defaultValue": "",
          "uniqueItems": false,
          "type": "string"
        },
        "doorNumber": {
          "description": "",
          "defaultValue": "",
          "uniqueItems": false,
          "type": "string"
        },
        "houseNumber": {
          "description": "",
          "defaultValue": "",
          "uniqueItems": false,
          "type": "string"
        },
        "postAddressCode": {
          "description": "",
          "defaultValue": "",
          "uniqueItems": false,
          "type": "string"
        }
      }
    },
    "CreateUserRequest": {
      "id": "CreateUserRequest",
      "required": [],
      "properties": {
        "password": {
          "description": "",
          "defaultValue": "",
          "uniqueItems": false,
          "type": "string"
        },
        "username": {
          "description": "",
          "defaultValue": "",
          "uniqueItems": false,
          "type": "string"
        },
        "salutation": {
          "description": "",
          "defaultValue": "",
          "uniqueItems": false,
          "type": "string"
        },
        "firstname": {
          "description": "",
          "defaultValue": "",
          "uniqueItems": false,
          "type": "string"
        },
        "lastname": {
          "description": "",
          "defaultValue": "",
          "uniqueItems": false,
          "type": "string"
        },
        "birthdate": {
          "description": "",
          "defaultValue": "",
          "uniqueItems": false,
          "type": "string",
          "format": "date-time"
        },
        "titleBeforeName": {
          "description": "",
          "defaultValue": "",
          "uniqueItems": false,
          "type": "string"
        },
        "titleAfterName": {
          "description": "",
          "defaultValue": "",
          "uniqueItems": false,
          "type": "string"
        },
        "phone": {
          "description": "",
          "defaultValue": "",
          "uniqueItems": false,
          "$ref": "Phone2"
        },
        "mobile": {
          "description": "",
          "defaultValue": "",
          "uniqueItems": false,
          "$ref": "Phone2"
        },
        "addresses": {
          "description": "",
          "items": {
            "$ref": "CreateAddressRequest"
          },
          "defaultValue": "",
          "uniqueItems": false,
          "type": "array"
        },
        "registrationSucceededCallbackUrl": {
          "description": "",
          "defaultValue": "",
          "uniqueItems": false,
          "type": "string"
        },
        "registrationOrigin": {
          "description": "",
          "defaultValue": "",
          "uniqueItems": false,
          "type": "string"
        },
        "marketingAgreement": {
          "description": "",
          "defaultValue": "",
          "uniqueItems": false,
          "type": "boolean"
        },
        "newsletter": {
          "description": "",
          "defaultValue": "",
          "uniqueItems": false,
          "type": "boolean"
        }
      }
    },
    "Phone2": {
      "id": "Phone2",
      "required": [],
      "properties": {
        "countryCode": {
          "description": "",
          "defaultValue": "",
          "uniqueItems": false,
          "type": "string"
        },
        "areaCode": {
          "description": "",
          "defaultValue": "",
          "uniqueItems": false,
          "type": "string"
        },
        "number": {
          "description": "",
          "defaultValue": "",
          "uniqueItems": false,
          "type": "string"
        }
      }
    },
    "RegistrationConfirmationResponse": {
      "id": "RegistrationConfirmationResponse",
      "required": [],
      "properties": {
        "callbackUrl": {
          "description": "",
          "defaultValue": "",
          "uniqueItems": false,
          "type": "string"
        }
      }
    },
    "ResendRegistrationConfirmationRequest": {
      "id": "ResendRegistrationConfirmationRequest",
      "required": [],
      "properties": {
        "username": {
          "description": "",
          "defaultValue": "",
          "uniqueItems": false,
          "type": "string"
        },
        "applicationName": {
          "description": "",
          "defaultValue": "",
          "uniqueItems": false,
          "type": "string"
        }
      }
    },
    "StringFieldValue": {
      "id": "StringFieldValue",
      "required": [],
      "properties": {
        "value": {
          "description": "",
          "defaultValue": "",
          "uniqueItems": false,
          "type": "string"
        }
      }
    },
    "ValidateForDuplicateUserRequest": {
      "id": "ValidateForDuplicateUserRequest",
      "required": [],
      "properties": {
        "firstname": {
          "description": "",
          "defaultValue": "",
          "uniqueItems": false,
          "type": "string"
        },
        "lastname": {
          "description": "",
          "defaultValue": "",
          "uniqueItems": false,
          "type": "string"
        },
        "ssoId": {
          "description": "",
          "defaultValue": "",
          "minimum": "",
          "maximum": "",
          "uniqueItems": false,
          "type": "integer",
          "format": "int32"
        },
        "mainAddress": {
          "description": "",
          "defaultValue": "",
          "uniqueItems": false,
          "$ref": "AddressForDuplicateValidation"
        }
      }
    },
    "KiamProblemDetails": {
      "id": "KiamProblemDetails",
      "required": [],
      "properties": {
        "type": {
          "description": "",
          "defaultValue": "",
          "uniqueItems": false,
          "type": "string"
        },
        "title": {
          "description": "",
          "defaultValue": "",
          "uniqueItems": false,
          "type": "string"
        },
        "status": {
          "description": "",
          "defaultValue": "",
          "minimum": "",
          "maximum": "",
          "uniqueItems": false,
          "type": "integer",
          "format": "int32"
        },
        "detail": {
          "description": "",
          "defaultValue": "",
          "uniqueItems": false,
          "type": "string"
        },
        "instance": {
          "description": "",
          "defaultValue": "",
          "uniqueItems": false,
          "type": "string"
        },
        "error": {
          "description": "",
          "defaultValue": "",
          "uniqueItems": false,
          "$ref": "LegacyErrorInfo"
        }
      }
    },
    "LegacyErrorData": {
      "id": "LegacyErrorData",
      "required": [],
      "properties": {
        "name": {
          "description": "",
          "defaultValue": "",
          "uniqueItems": false,
          "type": "string"
        },
        "value": {
          "description": "",
          "defaultValue": "",
          "uniqueItems": false,
          "type": "string"
        }
      }
    },
    "LegacyErrorInfo": {
      "id": "LegacyErrorInfo",
      "required": [],
      "properties": {
        "code": {
          "description": "",
          "defaultValue": "",
          "uniqueItems": false,
          "type": "string"
        },
        "message": {
          "description": "",
          "defaultValue": "",
          "uniqueItems": false,
          "type": "string"
        },
        "target": {
          "description": "",
          "defaultValue": "",
          "uniqueItems": false,
          "type": "string"
        },
        "data": {
          "description": "",
          "items": {
            "$ref": "LegacyErrorData"
          },
          "defaultValue": "",
          "uniqueItems": false,
          "type": "array"
        }
      }
    }
  },
  "authorizations": {},
  "consumes": [
    "application/json"
  ],
  "produces": [
    "application/json"
  ]
}